scenario,time_ms,input_energy,recent_min,recent_max,dynamic_range,adaptive_gain,dynamic_energy,expanded_energy,transient_energy,derivative_energy,speaking_base_energy,procedural_carrier_energy,final_speaking_energy
quiet_live_like,0.0,0.16,0.16,0.16,0.0,1.0,0.0,0.0,0.0,0.0,0.182284,0.040162,0.025
quiet_live_like,16.667,0.169356,0.16,0.169356,0.009356,1.0,0.0,0.0,0.0,0.0,0.185445,0.045221,0.05
quiet_live_like,33.333,0.176143,0.16,0.176143,0.016143,8.0,0.0625,0.072917,0.09375,0.073291,0.187991,0.049395,0.075
quiet_live_like,50.0,0.178807,0.16,0.178807,0.018807,8.0,0.125,0.145833,0.065104,0.028772,0.189507,0.05203,0.1
quiet_live_like,66.667,0.177331,0.16,0.178807,0.018807,8.0,0.138648,0.21875,0.036458,0.015937,0.189853,0.052851,0.125
quiet_live_like,83.333,0.173013,0.16,0.178807,0.018807,8.0,0.107398,0.291667,0.007812,0.046634,0.189185,0.052021,0.15
quiet_live_like,100.0,0.167669,0.16,0.178807,0.018807,8.0,0.076148,0.299378,0.0,0.057717,0.187887,0.050099,0.175
quiet_live_like,116.667,0.162714,0.16,0.178807,0.018807,8.0,0.044898,0.260316,0.0,0.053507,0.186455,0.047883,0.2
quiet_live_like,133.333,0.158621,0.158621,0.178807,0.020186,8.0,0.013648,0.221253,0.0,0.044209,0.185345,0.046201,0.225
quiet_live_like,150.0,0.15501,0.15501,0.178807,0.023797,8.0,0.0,0.182191,0.0,0.038998,0.184871,0.045692,0.25
quiet_live_like,166.667,0.151279,0.151279,0.178807,0.027528,8.0,0.0,0.143128,0.0,0.040294,0.185143,0.046638,0.275
quiet_live_like,183.333,0.147345,0.147345,0.178807,0.031461,8.0,0.0,0.104066,0.0,0.042487,0.186079,0.048888,0.266819
quiet_live_like,200.0,0.144028,0.144028,0.178807,0.034778,8.0,0.0,0.065003,0.0,0.035822,0.187442,0.051893,0.255361
quiet_live_like,216.667,0.142809,0.142809,0.178807,0.035997,8.0,0.0,0.025941,0.0,0.013165,0.188908,0.054854,0.243903
quiet_live_like,233.333,0.145063,0.142809,0.178807,0.035997,8.0,0.018026,0.083226,0.036053,0.024335,0.190119,0.056921,0.267181
quiet_live_like,250.0,0.151183,0.142809,0.178807,0.035997,8.0,0.066987,0.156143,0.097922,0.066097,0.190742,0.057416,0.292181
quiet_live_like,266.667,0.160107,0.142809,0.178807,0.035997,8.0,0.129487,0.229059,0.14279,0.096383,0.190534,0.056015,0.317181
quiet_live_like,283.333,0.169541,0.142809,0.178807,0.035997,8.0,0.191987,0.301976,0.150946,0.101888,0.18941,0.052826,0.342181
quiet_live_like,300.0,0.176818,0.142809,0.178807,0.035997,8.0,0.254487,0.374893,0.1223,0.078588,0.187498,0.048375,0.367181
quiet_live_like,316.667,0.179978,0.142809,0.179978,0.037169,8.0,0.297349,0.447809,0.093654,0.034129,0.185119,0.043469,0.392181
quiet_live_like,333.333,0.178534,0.142809,0.179978,0.037169,8.0,0.285796,0.520726,0.065008,0.015596,0.182714,0.038996,0.417181
quiet_live_like,350.0,0.173542,0.142809,0.179978,0.037169,8.0,0.254546,0.538757,0.036362,0.053909,0.180729,0.035705,0.442181
quiet_live_like,366.667,0.166977,0.142809,0.179978,0.037169,8.0,0.223296,0.499695,0.007716,0.070908,0.179487,0.034019,0.452885
quiet_live_like,383.333,0.160755,0.142809,0.179978,0.037169,8.0,0.192046,0.460632,0.0,0.067197,0.179089,0.033934,0.441427
quiet_live_like,400.0,0.155942,0.142809,0.179978,0.037169,8.0,0.160796,0.42157,0.0,0.051973,0.179381,0.035031,0.429969
quiet_live_like,416.667,0.152535,0.142809,0.179978,0.037169,8.0,0.129546,0.382507,0.0,0.036796,0.179991,0.036588,0.41851
quiet_live_like,433.333,0.14988,0.142809,0.179978,0.037169,8.0,0.098296,0.343445,0.0,0.028672,0.180453,0.037777,0.407052
quiet_live_like,450.0,0.147438,0.142809,0.179978,0.037169,8.0,0.067046,0.304382,0.0,0.026381,0.180363,0.037885,0.395594
quiet_live_like,466.667,0.145396,0.142809,0.179978,0.037169,8.0,0.035796,0.26532,0.0,0.022052,0.179521,0.036501,0.384135
quiet_live_like,483.333,0.14475,0.142809,0.179978,0.037169,8.0,0.015529,0.226257,0.0,0.006971,0.177989,0.033631,0.372677
quiet_live_like,500.0,0.146772,0.142809,0.179978,0.037169,8.0,0.031698,0.187195,0.032338,0.021828,0.176066,0.029699,0.361219
quiet_live_like,516.667,0.152155,0.142809,0.179978,0.037169,8.0,0.074766,0.234018,0.086135,0.058141,0.174175,0.025445,0.34976
quiet_live_like,533.333,0.16035,0.142809,0.179978,0.037169,8.0,0.137266,0.306934,0.131127,0.088511,0.172725,0.021741,0.37476
quiet_live_like,550.0,0.169485,0.142809,0.179978,0.037169,8.0,0.199766,0.379851,0.14616,0.098658,0.172007,0.019365,0.39976
quiet_live_like,566.667,0.176988,0.142809,0.179978,0.037169,8.0,0.262266,0.452768,0.120032,0.081022,0.172133,0.018809,0.42476
quiet_live_like,583.333,0.180623,0.142809,0.180623,0.037814,8.0,0.30251,0.525684,0.091387,0.039264,0.17303,0.020154,0.44976
quiet_live_like,600.0,0.179437,0.142809,0.180623,0.037814,8.0,0.293022,0.598601,0.062741,0.012808,0.17447,0.023048,0.47476
quiet_live_like,616.667,0.174118,0.142809,0.180623,0.037814,8.0,0.261772,0.559539,0.034095,0.057448,0.176129,0.026797,0.483478
quiet_live_like,633.333,0.166609,0.142809,0.180623,0.037814,8.0,0.230522,0.520476,0.005449,0.081095,0.177658,0.030542,0.47202
quiet_live_like,650.0,0.159187,0.142809,0.180623,0.037814,8.0,0.199272,0.481414,0.0,0.080153,0.17876,0.033475,0.460561
quiet_live_like,666.667,0.153493,0.142809,0.180623,0.037814,8.0,0.168022,0.442351,0.0,0.061501,0.179244,0.035042,0.449103
quiet_live_like,683.333,0.150005,0.142809,0.180623,0.037814,8.0,0.136772,0.403289,0.0,0.03767,0.179056,0.035077,0.437645
quiet_live_like,700.0,0.148196,0.142809,0.180623,0.037814,8.0,0.105522,0.364226,0.0,0.019535,0.178306,0.033841,0.426186
quiet_live_like,716.667,0.147212,0.142809,0.180623,0.037814,8.0,0.074272,0.325164,0.0,0.010633,0.177262,0.031948,0.414728
quiet_live_like,733.333,0.146635,0.142809,0.180623,0.037814,8.0,0.043022,0.286101,0.0,0.006224,0.176318,0.030199,0.40327
quiet_live_like,750.0,0.146872,0.142809,0.180623,0.037814,8.0,0.032505,0.247039,0.003795,0.002561,0.175903,0.029372,0.391811
quiet_live_like,766.667,0.148911,0.142809,0.180623,0.037814,8.0,0.048811,0.207976,0.032612,0.022013,0.17636,0.030018,0.380353
quiet_live_like,783.333,0.153596,0.142809,0.180623,0.037814,8.0,0.08629,0.253358,0.074957,0.050596,0.17783,0.032312,0.368895
quiet_live_like,800.0,0.16085,0.142809,0.180623,0.037814,8.0,0.144329,0.326275,0.116079,0.078353,0.180169,0.035999,0.389413
quiet_live_like,816.667,0.169324,0.142809,0.180623,0.037814,8.0,0.206829,0.399191,0.135578,0.091515,0.182968,0.040461,0.414413
quiet_live_like,833.333,0.176722,0.142809,0.180623,0.037814,8.0,0.269329,0.472108,0.118374,0.079903,0.185664,0.044859,0.439413
quiet_live_like,850.0,0.180707,0.142809,0.180707,0.037898,8.0,0.303183,0.545025,0.089728,0.043035,0.187694,0.048346,0.464413
quiet_live_like,866.667,0.179919,0.142809,0.180707,0.037898,8.0,0.296874,0.617941,0.061082,0.008516,0.188653,0.050272,0.489413
quiet_live_like,883.333,0.174599,0.142809,0.180707,0.037898,8.0,0.265624,0.578879,0.032437,0.057455,0.188402,0.050348,0.504768
quiet_live_like,900.0,0.166487,0.142809,0.180707,0.037898,8.0,0.234374,0.539816,0.003791,0.087609,0.187099,0.048711,0.493309
quiet_live_like,916.667,0.158043,0.142809,0.180707,0.037898,8.0,0.203124,0.500754,0.0,0.091196,0.185148,0.045887,0.481851
quiet_live_like,933.333,0.151399,0.142809,0.180707,0.037898,8.0,0.171874,0.461691,0.0,0.071751,0.183078,0.042653,0.470393
quiet_live_like,950.0,0.147575,0.142809,0.180707,0.037898,8.0,0.140624,0.422629,0.0,0.041297,0.181389,0.039842,0.458934
quiet_live_like,966.667,0.146329,0.142809,0.180707,0.037898,8.0,0.109374,0.383566,0.0,0.013461,0.180423,0.038128,0.447476
quiet_live_like,983.333,0.146661,0.142809,0.180707,0.037898,8.0,0.078124,0.344504,0.005313,0.003586,0.180304,0.037861,0.436018
quiet_live_like,1000.0,0.147636,0.142809,0.180707,0.037898,8.0,0.046874,0.305441,0.015606,0.010534,0.180943,0.038978,0.424559
quiet_live_like,1016.667,0.149021,0.142809,0.180707,0.037898,8.0,0.049696,0.266379,0.02216,0.014958,0.182091,0.041027,0.413101
quiet_live_like,1033.333,0.151366,0.142809,0.180707,0.037898,8.0,0.06845,0.227316,0.037508,0.025318,0.183402,0.04328,0.401643
quiet_live_like,1050.0,0.15549,0.142809,0.180707,0.037898,8.0,0.101442,0.281851,0.065985,0.04454,0.184501,0.044928,0.390184
quiet_live_like,1066.667,0.161696,0.142809,0.180707,0.037898,8.0,0.151097,0.354768,0.099309,0.067034,0.185045,0.045284,0.405006
quiet_live_like,1083.333,0.169197,0.142809,0.180707,0.037898,8.0,0.211099,0.427684,0.120004,0.081003,0.184785,0.043968,0.430006
quiet_live_like,1100.0,0.176132,0.142809,0.180707,0.037898,8.0,0.266578,0.500601,0.110959,0.074897,0.183626,0.041002,0.455006
quiet_live_like,1116.667,0.180246,0.142809,0.180707,0.037898,8.0,0.299491,0.573518,0.082313,0.044431,0.181673,0.036814,0.480006
quiet_live_like,1133.333,0.179891,0.142809,0.180707,0.037898,8.0,0.296653,0.616254,0.053667,0.003831,0.179221,0.032137,0.505006
quiet_live_like,1150.0,0.174844,0.142809,0.180707,0.037898,8.0,0.265403,0.577191,0.025021,0.054505,0.176706,0.02783,0.493548
quiet_live_like,1166.667,0.166496,0.142809,0.180707,0.037898,8.0,0.234153,0.538129,0.0,0.090155,0.174598,0.024669,0.482089
quiet_live_like,1183.333,0.157301,0.142809,0.180707,0.037898,8.0,0.202903,0.499066,0.0,0.099312,0.173289,0.023163,0.470631
quiet_live_like,1200.0,0.14975,0.142809,0.180707,0.037898,8.0,0.171653,0.460004,0.0,0.081551,0.172985,0.023431,0.459173
quiet_live_like,1216.667,0.145398,0.142809,0.180707,0.037898,8.0,0.140403,0.420941,0.0,0.046997,0.173634,0.025179,0.447714
quiet_live_like,1233.333,0.144412,0.142809,0.180707,0.037898,8.0,0.109153,0.381879,0.0,0.01065,0.174928,0.027784,0.436256
quiet_live_like,1250.0,0.145828,0.142809,0.180707,0.037898,8.0,0.077903,0.342816,0.022661,0.015296,0.1764,0.030449,0.424798
quiet_live_like,1266.667,0.148327,0.142809,0.180707,0.037898,8.0,0.046653,0.303754,0.039984,0.026989,0.177571,0.032412,0.413339
quiet_live_like,1283.333,0.15105,0.142809,0.180707,0.037898,8.0,0.065927,0.264691,0.043563,0.029405,0.178108,0.033135,0.401881
quiet_live_like,1300.0,0.153993,0.142809,0.180707,0.037898,8.0,0.08947,0.253434,0.047087,0.031784,0.17792,0.032441,0.390423
quiet_live_like,1316.667,0.157774,0.142809,0.180707,0.037898,8.0,0.119719,0.316417,0.060498,0.040836,0.177161,0.030556,0.378964
quiet_live_like,1333.333,0.162936,0.142809,0.180707,0.037898,8.0,0.161017,0.389334,0.082596,0.055752,0.176157,0.028056,0.403964
quiet_live_like,1350.0,0.169232,0.142809,0.180707,0.037898,8.0,0.21138,0.462251,0.100727,0.06799,0.175296,0.025716,0.428964
quiet_live_like,1366.667,0.175349,0.142809,0.180707,0.037898,8.0,0.260321,0.535167,0.097882,0.06607,0.174909,0.024321,0.453964
quiet_live_like,1383.333,0.179302,0.142809,0.180707,0.037898,8.0,0.291943,0.608084,0.069236,0.04269,0.175199,0.024462,0.478964
quiet_live_like,1400.0,0.179311,0.142809,0.180707,0.037898,8.0,0.292015,0.606155,0.04059,9.7e-05,0.176203,0.026392,0.503964
quiet_live_like,1416.667,0.17473,0.142809,0.180707,0.037898,8.0,0.260765,0.567092,0.011944,0.049478,0.177804,0.029954,0.492506
quiet_live_like,1433.333,0.166504,0.142809,0.180707,0.037898,8.0,0.229515,0.52803,0.0,0.088838,0.179772,0.034618,0.481048
quiet_live_like,1450.0,0.156896,0.142809,0.180707,0.037898,8.0,0.198265,0.488967,0.0,0.103764,0.181817,0.039608,0.469589
quiet_live_like,1466.667,0.148589,0.142809,0.180707,0.037898,8.0,0.167015,0.449905,0.0,0.089725,0.183656,0.044085,0.458131
quiet_live_like,1483.333,0.143606,0.142809,0.180707,0.037898,8.0,0.135765,0.410842,0.0,0.053813,0.185052,0.047347,0.446673
quiet_live_like,1500.0,0.142596,0.142596,0.180707,0.038111,8.0,0.104515,0.37178,0.0,0.010907,0.185849,0.048998,0.435214
quiet_live_like,1516.667,0.144801,0.142596,0.180707,0.038111,8.0,0.073265,0.332717,0.035273,0.023809,0.186001,0.049033,0.423756
quiet_live_like,1533.333,0.148684,0.142596,0.180707,0.038111,8.0,0.048702,0.293655,0.06213,0.041938,0.18561,0.047831,0.412298
quiet_live_like,1550.0,0.152835,0.142596,0.180707,0.038111,8.0,0.081911,0.254592,0.066418,0.044832,0.184934,0.046059,0.400839
quiet_live_like,1566.667,0.156637,0.142596,0.180707,0.038111,8.0,0.112324,0.30107,0.060827,0.041058,0.184341,0.044491,0.389381
quiet_live_like,1583.333,0.160344,0.142596,0.180707,0.038111,8.0,0.14198,0.356711,0.059312,0.040035,0.184206,0.04382,0.397807
quiet_live_like,1600.0,0.164571,0.142596,0.180707,0.038111,8.0,0.175796,0.419111,0.067632,0.045652,0.184788,0.044475,0.422807
quiet_live_like,1616.667,0.169532,0.142596,0.180707,0.038111,8.0,0.215486,0.489415,0.079379,0.053581,0.186129,0.046516,0.447807
quiet_live_like,1633.333,0.174521,0.142596,0.180707,0.038111,8.0,0.255397,0.554737,0.079822,0.05388,0.188016,0.049614,0.472807
quiet_live_like,1650.0,0.177982,0.142596,0.180707,0.038111,8.0,0.283088,0.593223,0.055381,0.037382,0.190034,0.05313,0.497807
quiet_live_like,1666.667,0.178187,0.142596,0.180707,0.038111,8.0,0.284724,0.589482,0.026736,0.00221,0.191677,0.056268,0.512342
quiet_live_like,1683.333,0.174163,0.142596,0.180707,0.038111,8.0,0.253474,0.55042,0.0,0.043457,0.192497,0.05827,0.500883
quiet_live_like,1700.0,0.166371,0.142596,0.180707,0.038111,8.0,0.222224,0.511357,0.0,0.08415,0.192236,0.058602,0.489425
quiet_live_like,1716.667,0.156726,0.142596,0.180707,0.038111,8.0,0.190974,0.472295,0.0,0.104167,0.190893,0.057081,0.477967
quiet_live_like,1733.333,0.147909,0.142596,0.180707,0.038111,8.0,0.159724,0.433232,0.0,0.095224,0.188732,0.053925,0.466508
quiet_live_like,1750.0,0.142296,0.142296,0.180707,0.038411,8.0,0.128474,0.39417,0.0,0.06062,0.186194,0.049696,0.45505
quiet_live_like,1766.667,0.141031,0.141031,0.180707,0.039676,8.0,0.097224,0.355107,0.0,0.013664,0.183764,0.045172,0.443592
quiet_live_like,1783.333,0.143698,0.141031,0.180707,0.039676,8.0,0.065974,0.316045,0.042673,0.028804,0.181838,0.041155,0.432133
quiet_live_like,1800.0,0.148728,0.141031,0.180707,0.039676,8.0,0.061582,0.276982,0.080491,0.054331,0.180649,0.038287,0.420675
quiet_live_like,1816.667,0.154287,0.141031,0.180707,0.039676,8.0,0.106051,0.287466,0.088938,0.060033,0.180255,0.036896,0.409217
quiet_live_like,1833.333,0.159142,0.141031,0.180707,0.039676,8.0,0.14489,0.356611,0.077678,0.052433,0.180553,0.036928,0.397758
quiet_live_like,1850.0,0.16306,0.141031,0.180707,0.039676,8.0,0.176233,0.407832,0.062685,0.042312,0.181316,0.037963,0.420249
quiet_live_like,1866.667,0.16655,0.141031,0.180707,0.039676,8.0,0.204152,0.453006,0.055839,0.037691,0.182224,0.039329,0.441845
quiet_live_like,1883.333,0.17016,0.141031,0.180707,0.039676,8.0,0.233033,0.500183,0.057762,0.038989,0.182917,0.040272,0.465772
quiet_live_like,1900.0,0.173783,0.141031,0.180707,0.039676,8.0,0.262018,0.545823,0.05797,0.03913,0.183052,0.040146,0.488093
quiet_live_like,1916.667,0.176419,0.141031,0.180707,0.039676,8.0,0.283107,0.574793,0.042179,0.02847,0.182381,0.038577,0.498659
quiet_live_like,1933.333,0.176573,0.141031,0.180707,0.039676,8.0,0.28434,0.57037,0.013533,0.001664,0.180821,0.03556,0.48983
quiet_live_like,1950.0,0.173091,0.141031,0.180707,0.039676,8.0,0.256484,0.531307,0.0,0.037605,0.1785,0.031466,0.478371
quiet_live_like,1966.667,0.16597,0.141031,0.180707,0.039676,8.0,0.225234,0.492245,0.0,0.076912,0.175757,0.026956,0.466913
quiet_live_like,1983.333,0.156661,0.141031,0.180707,0.039676,8.0,0.193984,0.453182,0.0,0.100537,0.173079,0.02283,0.455455
quiet_live_like,2000.0,0.147657,0.141031,0.180707,0.039676,8.0,0.162734,0.41412,0.0,0.097247,0.170991,0.019836,0.443996
quiet_live_like,2016.667,0.141522,0.141031,0.180707,0.039676,8.0,0.131484,0.375057,0.0,0.066252,0.169921,0.018493,0.432538
quiet_live_like,2033.333,0.139851,0.139851,0.180707,0.040856,7.832303,0.100234,0.335995,0.0,0.017672,0.170068,0.018972,0.42108
quiet_live_like,2050.0,0.142662,0.139851,0.180707,0.040856,7.832303,0.068984,0.296932,0.044031,0.029721,0.171323,0.021055,0.409621
quiet_live_like,2066.667,0.148531,0.139851,0.180707,0.040856,7.832303,0.067988,0.25787,0.091945,0.062063,0.173308,0.024192,0.398163
quiet_live_like,2083.333,0.155364,0.139851,0.180707,0.040856,7.832303,0.121503,0.318925,0.10703,0.072245,0.1755,0.027631,0.386705
quiet_live_like,2100.0,0.161375,0.139851,0.180707,0.040856,7.832303,0.168582,0.391842,0.094158,0.063556,0.177392,0.030602,0.411705
quiet_live_like,2116.667,0.165768,0.139851,0.180707,0.040856,7.832303,0.202991,0.45154,0.068818,0.046452,0.178626,0.032495,0.436705
quiet_live_like,2133.333,0.168781,0.139851,0.180707,0.040856,7.832303,0.226591,0.484937,0.0472,0.03186,0.179064,0.033011,0.452607
quiet_live_like,2150.0,0.171134,0.139851,0.180707,0.040856,7.832303,0.245018,0.511815,0.036854,0.024877,0.178783,0.032218,0.463523
quiet_live_like,2166.667,0.173253,0.139851,0.180707,0.040856,7.832303,0.261615,0.536837,0.033193,0.022405,0.178029,0.030542,0.474262
quiet_live_like,2183.333,0.174763,0.139851,0.180707,0.040856,7.832303,0.273444,0.552919,0.023659,0.01597,0.177128,0.028649,0.479464
louder,0.0,0.32,0.32,0.32,0.0,1.0,0.0,0.0,0.0,0.0,0.189906,0.040162,0.025
louder,16.667,0.380625,0.32,0.380625,0.060625,5.278353,0.0625,0.072917,0.0,0.0,0.194895,0.045221,0.05
louder,33.333,0.428248,0.32,0.428248,0.108248,2.956163,0.125,0.145833,0.09375,0.190057,0.198788,0.049395,0.075
louder,50.0,0.453862,0.32,0.453862,0.133862,2.39053,0.1875,0.21875,0.122458,0.082659,0.201046,0.05203,0.1
louder,66.667,0.45496,0.32,0.45496,0.13496,2.371066,0.25,0.291667,0.093812,0.003517,0.20151,0.052851,0.125
louder,83.333,0.435684,0.32,0.45496,0.13496,2.371066,0.274295,0.364583,0.065166,0.061702,0.200414,0.052021,0.15
louder,100.0,0.40462,0.32,0.45496,0.13496,2.371066,0.243045,0.4375,0.03652,0.099434,0.198312,0.050099,0.175
louder,116.667,0.371227,0.32,0.45496,0.13496,2.371066,0.211795,0.398438,0.007874,0.10689,0.195926,0.047883,0.2
louder,133.333,0.342339,0.32,0.45496,0.13496,2.371066,0.180545,0.359375,0.0,0.092468,0.193939,0.046201,0.225
louder,150.0,0.320138,0.32,0.45496,0.13496,2.371066,0.149295,0.320313,0.0,0.071065,0.192787,0.045692,0.25
louder,166.667,0.302328,0.302328,0.45496,0.152633,2.096533,0.118045,0.28125,0.0,0.050409,0.192545,0.046638,0.275
louder,183.333,0.284332,0.284332,0.45496,0.170629,1.875416,0.086795,0.242188,0.0,0.045562,0.19295,0.048888,0.3
louder,200.0,0.262469,0.262469,0.45496,0.192491,1.662415,0.055545,0.203125,0.0,0.049065,0.193551,0.051893,0.325
louder,216.667,0.236678,0.236678,0.45496,0.218282,1.465993,0.024295,0.164063,0.0,0.051043,0.193903,0.054854,0.313542
louder,233.333,0.211537,0.211537,0.45496,0.243424,1.31458,0.0,0.125,0.0,0.044619,0.193756,0.056921,0.302083
louder,250.0,0.195058,0.195058,0.45496,0.259903,1.23123,0.0,0.085938,0.0,0.027391,0.193173,0.057416,0.290625
louder,266.667,0.195676,0.195058,0.45496,0.259903,1.23123,0.000762,0.046875,0.001523,0.001028,0.192476,0.056015,0.279167
louder,283.333,0.218624,0.195058,0.45496,0.259903,1.23123,0.029015,0.112435,0.056507,0.038142,0.191978,0.052826,0.291528
louder,300.0,0.263189,0.195058,0.45496,0.259903,1.23123,0.083886,0.185352,0.109741,0.074075,0.191754,0.048375,0.316528
louder,316.667,0.322049,0.195058,0.45496,0.259903,1.23123,0.146386,0.258269,0.14494,0.097834,0.191708,0.043469,0.341528
louder,333.333,0.383044,0.195058,0.45496,0.259903,1.23123,0.208886,0.331185,0.150198,0.101384,0.191747,0.038996,0.366528
louder,350.0,0.432816,0.195058,0.45496,0.259903,1.23123,0.271386,0.404102,0.122562,0.082729,0.191829,0.035705,0.391528
louder,366.667,0.460969,0.195058,0.460969,0.265911,1.203409,0.32,0.477019,0.093916,0.045737,0.191921,0.034019,0.416528
louder,383.333,0.463201,0.195058,0.463201,0.268143,1.2,0.321772,0.549935,0.06527,0.003616,0.191953,0.033934,0.441528
louder,400.0,0.442261,0.195058,0.463201,0.268143,1.2,0.296644,0.588752,0.036625,0.033922,0.191807,0.035031,0.466528
louder,416.667,0.406423,0.195058,0.463201,0.268143,1.2,0.265394,0.54969,0.007979,0.058058,0.191351,0.036588,0.491528
louder,433.333,0.366145,0.195058,0.463201,0.268143,1.2,0.234144,0.510627,0.0,0.06525,0.190479,0.037777,0.48007
louder,450.0,0.330275,0.195058,0.463201,0.268143,1.2,0.202894,0.471565,0.0,0.058111,0.189136,0.037885,0.468612
louder,466.667,0.303285,0.195058,0.463201,0.268143,1.2,0.171644,0.432502,0.0,0.043723,0.187314,0.036501,0.457153
louder,483.333,0.284583,0.195058,0.463201,0.268143,1.2,0.140394,0.39344,0.0,0.030297,0.185027,0.033631,0.445695
louder,500.0,0.270038,0.195058,0.463201,0.268143,1.2,0.109144,0.354377,0.0,0.023563,0.182347,0.029699,0.434237
louder,516.667,0.254968,0.195058,0.463201,0.268143,1.2,0.077894,0.315315,0.0,0.024413,0.179459,0.025445,0.422778
louder,533.333,0.237225,0.195058,0.463201,0.268143,1.2,0.050601,0.276252,0.0,0.028744,0.17671,0.021741,0.41132
louder,550.0,0.218991,0.195058,0.463201,0.268143,1.2,0.02872,0.23719,0.0,0.02954,0.174596,0.019365,0.399862
louder,566.667,0.206448,0.195058,0.463201,0.268143,1.2,0.013668,0.198127,0.0,0.02032,0.173682,0.018809,0.388403
louder,583.333,0.207403,0.195058,0.463201,0.268143,1.2,0.014815,0.159065,0.002293,0.001548,0.174429,0.020154,0.376945
louder,600.0,0.22781,0.195058,0.463201,0.268143,1.2,0.039302,0.136009,0.048975,0.033058,0.17694,0.023048,0.365487
louder,616.667,0.268638,0.195058,0.463201,0.268143,1.2,0.088296,0.208926,0.097988,0.066142,0.180776,0.026797,0.354028
louder,633.333,0.32445,0.195058,0.463201,0.268143,1.2,0.150796,0.281843,0.133949,0.090416,0.185084,0.030542,0.379028
louder,650.0,0.384369,0.195058,0.463201,0.268143,1.2,0.213296,0.354759,0.143805,0.097068,0.188926,0.033475,0.404028
louder,666.667,0.435187,0.195058,0.463201,0.268143,1.2,0.275796,0.427676,0.121965,0.082326,0.191567,0.035042,0.429028
louder,683.333,0.465501,0.195058,0.465501,0.270443,1.2,0.324532,0.500593,0.093319,0.049108,0.192625,0.035077,0.454028
louder,700.0,0.469315,0.195058,0.469315,0.274257,1.2,0.329108,0.573509,0.064673,0.006178,0.19211,0.033841,0.479028
louder,716.667,0.44778,0.195058,0.469315,0.274257,1.2,0.303266,0.589631,0.036027,0.034887,0.190394,0.031948,0.504028
louder,733.333,0.408422,0.195058,0.469315,0.274257,1.2,0.272016,0.550568,0.007381,0.06376,0.188101,0.030199,0.49858
louder,750.0,0.362219,0.195058,0.469315,0.274257,1.2,0.240766,0.511506,0.0,0.074849,0.185959,0.029372,0.487121
louder,766.667,0.319691,0.195058,0.469315,0.274257,1.2,0.209516,0.472443,0.0,0.068894,0.184619,0.030018,0.475663
louder,783.333,0.287546,0.195058,0.469315,0.274257,1.2,0.178266,0.433381,0.0,0.052076,0.184469,0.032312,0.464205
louder,800.0,0.267121,0.195058,0.469315,0.274257,1.2,0.147016,0.394318,0.0,0.033088,0.185494,0.035999,0.452746
louder,816.667,0.255153,0.195058,0.469315,0.274257,1.2,0.115766,0.355256,0.0,0.019389,0.187276,0.040461,0.441288
louder,833.333,0.246388,0.195058,0.469315,0.274257,1.2,0.084516,0.316193,0.0,0.014199,0.18916,0.044859,0.42983
louder,850.0,0.23685,0.195058,0.469315,0.274257,1.2,0.053266,0.277131,0.0,0.015452,0.190527,0.048346,0.418371
louder,866.667,0.226294,0.195058,0.469315,0.274257,1.2,0.037483,0.238068,0.0,0.0171,0.191024,0.050272,0.406913
louder,883.333,0.218768,0.195058,0.469315,0.274257,1.2,0.028453,0.199006,0.0,0.012191,0.190696,0.050348,0.395455
louder,900.0,0.220993,0.195058,0.469315,0.274257,1.2,0.031122,0.159943,0.005339,0.003604,0.189954,0.048711,0.383996
louder,916.667,0.239218,0.195058,0.469315,0.274257,1.2,0.052992,0.164129,0.043739,0.029524,0.18936,0.045887,0.372538
louder,933.333,0.275883,0.195058,0.469315,0.274257,1.2,0.096991,0.237046,0.087998,0.059399,0.189341,0.042653,0.36108
louder,950.0,0.327533,0.195058,0.469315,0.274257,1.2,0.15897,0.309962,0.123959,0.083672,0.190044,0.039842,0.38608
louder,966.667,0.384941,0.195058,0.469315,0.274257,1.2,0.22147,0.382879,0.13778,0.093002,0.191367,0.038128,0.41108
louder,983.333,0.435559,0.195058,0.469315,0.274257,1.2,0.28397,0.455796,0.121481,0.082,0.193046,0.037861,0.43608
louder,1000.0,0.467414,0.195058,0.469315,0.274257,1.2,0.326827,0.528712,0.092836,0.051605,0.194718,0.038978,0.46108
louder,1016.667,0.473027,0.195058,0.473027,0.277969,1.2,0.333563,0.601629,0.06419,0.009093,0.195971,0.041027,0.48608
louder,1033.333,0.451843,0.195058,0.473027,0.277969,1.2,0.308142,0.59138,0.035544,0.034319,0.196426,0.04328,0.51108
louder,1050.0,0.410264,0.195058,0.473027,0.277969,1.2,0.276892,0.552317,0.006898,0.067357,0.195826,0.044928,0.507137
louder,1066.667,0.359294,0.195058,0.473027,0.277969,1.2,0.245642,0.513255,0.0,0.082572,0.194121,0.045284,0.495679
louder,1083.333,0.310714,0.195058,0.473027,0.277969,1.2,0.214392,0.474192,0.0,0.078698,0.191505,0.043968,0.48422
louder,1100.0,0.273291,0.195058,0.473027,0.277969,1.2,0.183142,0.43513,0.0,0.060626,0.188368,0.041002,0.472762
louder,1116.667,0.250428,0.195058,0.473027,0.277969,1.2,0.151892,0.396067,0.0,0.037037,0.185163,0.036814,0.461304
louder,1133.333,0.2401,0.195058,0.473027,0.277969,1.2,0.120642,0.357005,0.0,0.016732,0.182251,0.032137,0.449845
louder,1150.0,0.236935,0.195058,0.473027,0.277969,1.2,0.089392,0.317942,0.0,0.005128,0.179862,0.02783,0.438387
louder,1166.667,0.235466,0.195058,0.473027,0.277969,1.2,0.058142,0.27888,0.0,0.00238,0.178149,0.024669,0.426929
louder,1183.333,0.233108,0.195058,0.473027,0.277969,1.2,0.045661,0.239817,0.0,0.003819,0.177254,0.023163,0.41547
louder,1200.0,0.231565,0.195058,0.473027,0.277969,1.2,0.043809,0.200755,0.0,0.0025,0.17732,0.023431,0.404012
louder,1216.667,0.23605,0.195058,0.473027,0.277969,1.2,0.049191,0.161692,0.010764,0.007266,0.178442,0.025179,0.392554
louder,1233.333,0.252657,0.195058,0.473027,0.277969,1.2,0.06912,0.19593,0.039858,0.026904,0.18057,0.027784,0.381095
louder,1250.0,0.285,0.195058,0.473027,0.277969,1.2,0.107931,0.268847,0.077622,0.052395,0.183391,0.030449,0.369637
louder,1266.667,0.331585,0.195058,0.473027,0.277969,1.2,0.163833,0.341763,0.111805,0.075468,0.186343,0.032412,0.394637
louder,1283.333,0.385126,0.195058,0.473027,0.277969,1.2,0.226333,0.41468,0.128496,0.086735,0.188777,0.033135,0.419637
louder,1300.0,0.434204,0.195058,0.473027,0.277969,1.2,0.286975,0.487597,0.117788,0.079507,0.19018,0.032441,0.444637
louder,1316.667,0.466767,0.195058,0.473027,0.277969,1.2,0.326052,0.560513,0.089142,0.052753,0.190317,0.030556,0.469637
louder,1333.333,0.474151,0.195058,0.474151,0.279093,1.2,0.334912,0.63343,0.060496,0.011962,0.189264,0.028056,0.494637
louder,1350.0,0.454093,0.195058,0.474151,0.279093,1.2,0.310843,0.594368,0.03185,0.032494,0.18737,0.025716,0.519637
louder,1366.667,0.411574,0.195058,0.474151,0.279093,1.2,0.279593,0.555305,0.003204,0.068882,0.185158,0.024321,0.508179
louder,1383.333,0.357141,0.195058,0.474151,0.279093,1.2,0.248343,0.516243,0.0,0.088181,0.183211,0.024462,0.49672
louder,1400.0,0.303371,0.195058,0.474151,0.279093,1.2,0.217093,0.47718,0.0,0.087107,0.18206,0.026392,0.485262
louder,1416.667,0.260815,0.195058,0.474151,0.279093,1.2,0.185843,0.438118,0.0,0.06894,0.182068,0.029954,0.473804
louder,1433.333,0.234967,0.195058,0.474151,0.279093,1.2,0.154593,0.399055,0.0,0.041874,0.183299,0.034618,0.462345
louder,1450.0,0.225341,0.195058,0.474151,0.279093,1.2,0.123343,0.359993,0.0,0.015595,0.185432,0.039608,0.450887
louder,1466.667,0.226895,0.195058,0.474151,0.279093,1.2,0.092093,0.32093,0.00373,0.002518,0.187835,0.044085,0.439429
louder,1483.333,0.233079,0.195058,0.474151,0.279093,1.2,0.060843,0.281868,0.014843,0.010019,0.189829,0.047347,0.42797
louder,1500.0,0.23916,0.195058,0.474151,0.279093,1.2,0.052923,0.242805,0.014594,0.009851,0.190975,0.048998,0.416512
louder,1516.667,0.244391,0.195058,0.474151,0.279093,1.2,0.059201,0.203743,0.012555,0.008475,0.191237,0.049033,0.405054
louder,1533.333,0.252127,0.195058,0.474151,0.279093,1.2,0.068484,0.189423,0.018566,0.012532,0.19097,0.047831,0.393595
louder,1550.0,0.267847,0.195058,0.474151,0.279093,1.2,0.087348,0.231163,0.037728,0.025466,0.190757,0.046059,0.382137
louder,1566.667,0.295966,0.195058,0.474151,0.279093,1.2,0.12109,0.300422,0.067485,0.045552,0.191161,0.044491,0.387141
louder,1583.333,0.336834,0.195058,0.474151,0.279093,1.2,0.170132,0.373338,0.098084,0.066207,0.192484,0.04382,0.412141
louder,1600.0,0.385284,0.195058,0.474151,0.279093,1.2,0.228272,0.446255,0.11628,0.078489,0.19468,0.044475,0.437141
louder,1616.667,0.431457,0.195058,0.474151,0.279093,1.2,0.28368,0.519172,0.110815,0.0748,0.197404,0.046516,0.462141
louder,1633.333,0.463719,0.195058,0.474151,0.279093,1.2,0.322394,0.592088,0.08217,0.052264,0.200124,0.049614,0.487141
louder,1650.0,0.472598,0.195058,0.474151,0.279093,1.2,0.333049,0.629417,0.053524,0.014384,0.202251,0.05313,0.512141
louder,1666.667,0.454234,0.195058,0.474151,0.279093,1.2,0.311012,0.591599,0.024878,0.029751,0.203262,0.056268,0.537141
louder,1683.333,0.411974,0.195058,0.474151,0.279093,1.2,0.279762,0.552537,0.0,0.068462,0.202826,0.05827,0.525682
louder,1700.0,0.355471,0.195058,0.474151,0.279093,1.2,0.248512,0.513474,0.0,0.091534,0.200899,0.058602,0.514224
louder,1716.667,0.297596,0.195058,0.474151,0.279093,1.2,0.217262,0.474412,0.0,0.093757,0.197776,0.057081,0.502766
louder,1733.333,0.250324,0.195058,0.474151,0.279093,1.2,0.186012,0.435349,0.0,0.076581,0.194056,0.053925,0.491307
louder,1750.0,0.22115,0.195058,0.474151,0.279093,1.2,0.154762,0.396287,0.0,0.047261,0.190474,0.049696,0.479849
louder,1766.667,0.211346,0.195058,0.474151,0.279093,1.2,0.123512,0.357224,0.0,0.015883,0.187637,0.045172,0.468391
louder,1783.333,0.216621,0.195058,0.474151,0.279093,1.2,0.092262,0.318162,0.012659,0.008545,0.18581,0.041155,0.456932
louder,1800.0,0.229788,0.195058,0.474151,0.279093,1.2,0.061012,0.279099,0.031603,0.021332,0.18496,0.038287,0.445474
louder,1816.667,0.244254,0.195058,0.474151,0.279093,1.2,0.059035,0.240037,0.034717,0.023434,0.18492,0.036896,0.434016
louder,1833.333,0.256833,0.195058,0.474151,0.279093,1.2,0.07413,0.203443,0.03019,0.020378,0.185515,0.036928,0.422557
louder,1850.0,0.268748,0.195676,0.474151,0.278475,1.2,0.087686,0.23015,0.028597,0.019303,0.186587,0.037963,0.411099
louder,1866.667,0.284426,0.206448,0.474151,0.267703,1.2,0.093573,0.249914,0.037626,0.025398,0.187983,0.039329,0.399641
louder,1883.333,0.308662,0.206448,0.474151,0.267703,1.2,0.122658,0.309516,0.058168,0.039264,0.189498,0.040272,0.388803
louder,1900.0,0.34343,0.206448,0.474151,0.267703,1.2,0.164379,0.382432,0.083443,0.056324,0.190833,0.040146,0.413803
louder,1916.667,0.385758,0.206448,0.474151,0.267703,1.2,0.215172,0.455349,0.101586,0.06857,0.191631,0.038577,0.438803
louder,1933.333,0.427695,0.206448,0.474151,0.267703,1.2,0.265497,0.528266,0.100649,0.067938,0.191575,0.03556,0.463803
louder,1950.0,0.458517,0.206448,0.474151,0.267703,1.2,0.302483,0.601182,0.073973,0.049932,0.190511,0.031466,0.488803
louder,1966.667,0.468384,0.206448,0.474151,0.267703,1.2,0.314324,0.617599,0.045328,0.015985,0.188499,0.026956,0.513803
louder,1983.333,0.452044,0.206448,0.474151,0.267703,1.2,0.294716,0.582117,0.016682,0.026471,0.185799,0.02283,0.514932
louder,2000.0,0.411107,0.206448,0.474151,0.267703,1.2,0.263466,0.543055,0.0,0.066319,0.182809,0.019836,0.503473
louder,2016.667,0.353951,0.206448,0.474151,0.267703,1.2,0.232216,0.503992,0.0,0.092593,0.179984,0.018493,0.492015
louder,2033.333,0.293235,0.206448,0.474151,0.267703,1.2,0.200966,0.46493,0.0,0.09836,0.177775,0.018972,0.480557
louder,2050.0,0.241925,0.206448,0.474151,0.267703,1.2,0.169716,0.425867,0.0,0.083122,0.176574,0.021055,0.469098
louder,2066.667,0.209324,0.206448,0.474151,0.267703,1.2,0.138466,0.386805,0.0,0.052813,0.176626,0.024192,0.45764
louder,2083.333,0.198577,0.198577,0.474151,0.275574,1.2,0.107216,0.347742,0.0,0.017411,0.177867,0.027631,0.446182
louder,2100.0,0.206512,0.198577,0.474151,0.275574,1.2,0.075966,0.30868,0.019045,0.012855,0.179817,0.030602,0.434723
louder,2116.667,0.225776,0.198577,0.474151,0.275574,1.2,0.044716,0.269617,0.046232,0.031207,0.181755,0.032495,0.423265
louder,2133.333,0.24828,0.198577,0.474151,0.275574,1.2,0.059644,0.230555,0.054011,0.036457,0.183086,0.033011,0.411807
louder,2150.0,0.268525,0.198577,0.474151,0.275574,1.2,0.083938,0.228822,0.048588,0.032797,0.18359,0.032218,0.400348
louder,2166.667,0.285427,0.198577,0.474151,0.275574,1.2,0.104221,0.265973,0.040566,0.027382,0.183458,0.030542,0.38889
louder,2183.333,0.301966,0.198577,0.474151,0.275574,1.2,0.124067,0.302161,0.039694,0.026793,0.183175,0.028649,0.377432
flat,0.0,0.16,0.16,0.16,0.0,1.0,0.0,0.0,0.0,0.0,0.182284,0.040162,0.025
flat,16.667,0.16,0.16,0.16,0.0,1.0,0.0,0.0,0.0,0.0,0.184915,0.045221,0.05
flat,33.333,0.16,0.16,0.16,0.0,1.0,0.0,0.0,0.0,0.0,0.187086,0.049395,0.075
flat,50.0,0.16,0.16,0.16,0.0,1.0,0.0,0.0,0.0,0.0,0.188456,0.05203,0.1
flat,66.667,0.16,0.16,0.16,0.0,1.0,0.0,0.0,0.0,0.0,0.188882,0.052851,0.125
flat,83.333,0.16,0.16,0.16,0.0,1.0,0.0,0.0,0.0,0.0,0.188451,0.052021,0.15
flat,100.0,0.16,0.16,0.16,0.0,1.0,0.0,0.0,0.0,0.0,0.187452,0.050099,0.175
flat,116.667,0.16,0.16,0.16,0.0,1.0,0.0,0.0,0.0,0.0,0.186299,0.047883,0.2
flat,133.333,0.16,0.16,0.16,0.0,1.0,0.0,0.0,0.0,0.0,0.185425,0.046201,0.217105
flat,150.0,0.16,0.16,0.16,0.0,1.0,0.0,0.0,0.0,0.0,0.18516,0.045692,0.21684
flat,166.667,0.16,0.16,0.16,0.0,1.0,0.0,0.0,0.0,0.0,0.185652,0.046638,0.217332
flat,183.333,0.16,0.16,0.16,0.0,1.0,0.0,0.0,0.0,0.0,0.186822,0.048888,0.218502
flat,200.0,0.16,0.16,0.16,0.0,1.0,0.0,0.0,0.0,0.0,0.188385,0.051893,0.220065
flat,216.667,0.16,0.16,0.16,0.0,1.0,0.0,0.0,0.0,0.0,0.189924,0.054854,0.221604
flat,233.333,0.16,0.16,0.16,0.0,1.0,0.0,0.0,0.0,0.0,0.190999,0.056921,0.222679
flat,250.0,0.16,0.16,0.16,0.0,1.0,0.0,0.0,0.0,0.0,0.191257,0.057416,0.222937
flat,266.667,0.16,0.16,0.16,0.0,1.0,0.0,0.0,0.0,0.0,0.190528,0.056015,0.222208
flat,283.333,0.16,0.16,0.16,0.0,1.0,0.0,0.0,0.0,0.0,0.18887,0.052826,0.22055
flat,300.0,0.16,0.16,0.16,0.0,1.0,0.0,0.0,0.0,0.0,0.186555,0.048375,0.218235
flat,316.667,0.16,0.16,0.16,0.0,1.0,0.0,0.0,0.0,0.0,0.184004,0.043469,0.215684
flat,333.333,0.16,0.16,0.16,0.0,1.0,0.0,0.0,0.0,0.0,0.181678,0.038996,0.213358
flat,350.0,0.16,0.16,0.16,0.0,1.0,0.0,0.0,0.0,0.0,0.179966,0.035705,0.211646
flat,366.667,0.16,0.16,0.16,0.0,1.0,0.0,0.0,0.0,0.0,0.17909,0.034019,0.21077
flat,383.333,0.16,0.16,0.16,0.0,1.0,0.0,0.0,0.0,0.0,0.179046,0.033934,0.210726
flat,400.0,0.16,0.16,0.16,0.0,1.0,0.0,0.0,0.0,0.0,0.179616,0.035031,0.211296
flat,416.667,0.16,0.16,0.16,0.0,1.0,0.0,0.0,0.0,0.0,0.180426,0.036588,0.212106
flat,433.333,0.16,0.16,0.16,0.0,1.0,0.0,0.0,0.0,0.0,0.181044,0.037777,0.212724
flat,450.0,0.16,0.16,0.16,0.0,1.0,0.0,0.0,0.0,0.0,0.1811,0.037885,0.21278
flat,466.667,0.16,0.16,0.16,0.0,1.0,0.0,0.0,0.0,0.0,0.180381,0.036501,0.212061
flat,483.333,0.16,0.16,0.16,0.0,1.0,0.0,0.0,0.0,0.0,0.178888,0.033631,0.210568
flat,500.0,0.16,0.16,0.16,0.0,1.0,0.0,0.0,0.0,0.0,0.176843,0.029699,0.208523
flat,516.667,0.16,0.16,0.16,0.0,1.0,0.0,0.0,0.0,0.0,0.174632,0.025445,0.206312
flat,533.333,0.16,0.16,0.16,0.0,1.0,0.0,0.0,0.0,0.0,0.172705,0.021741,0.204385
flat,550.0,0.16,0.16,0.16,0.0,1.0,0.0,0.0,0.0,0.0,0.17147,0.019365,0.20315
flat,566.667,0.16,0.16,0.16,0.0,1.0,0.0,0.0,0.0,0.0,0.171181,0.018809,0.202861
flat,583.333,0.16,0.16,0.16,0.0,1.0,0.0,0.0,0.0,0.0,0.17188,0.020154,0.20356
flat,600.0,0.16,0.16,0.16,0.0,1.0,0.0,0.0,0.0,0.0,0.173385,0.023048,0.205065
flat,616.667,0.16,0.16,0.16,0.0,1.0,0.0,0.0,0.0,0.0,0.175334,0.026797,0.207014
flat,633.333,0.16,0.16,0.16,0.0,1.0,0.0,0.0,0.0,0.0,0.177282,0.030542,0.208962
flat,650.0,0.16,0.16,0.16,0.0,1.0,0.0,0.0,0.0,0.0,0.178807,0.033475,0.210487
flat,666.667,0.16,0.16,0.16,0.0,1.0,0.0,0.0,0.0,0.0,0.179622,0.035042,0.211302
flat,683.333,0.16,0.16,0.16,0.0,1.0,0.0,0.0,0.0,0.0,0.17964,0.035077,0.21132
flat,700.0,0.16,0.16,0.16,0.0,1.0,0.0,0.0,0.0,0.0,0.178997,0.033841,0.210677
flat,716.667,0.16,0.16,0.16,0.0,1.0,0.0,0.0,0.0,0.0,0.178013,0.031948,0.209693
flat,733.333,0.16,0.16,0.16,0.0,1.0,0.0,0.0,0.0,0.0,0.177103,0.030199,0.208783
flat,750.0,0.16,0.16,0.16,0.0,1.0,0.0,0.0,0.0,0.0,0.176674,0.029372,0.208354
flat,766.667,0.16,0.16,0.16,0.0,1.0,0.0,0.0,0.0,0.0,0.17701,0.030018,0.20869
flat,783.333,0.16,0.16,0.16,0.0,1.0,0.0,0.0,0.0,0.0,0.178202,0.032312,0.209882
flat,800.0,0.16,0.16,0.16,0.0,1.0,0.0,0.0,0.0,0.0,0.18012,0.035999,0.2118
flat,816.667,0.16,0.16,0.16,0.0,1.0,0.0,0.0,0.0,0.0,0.18244,0.040461,0.21412
flat,833.333,0.16,0.16,0.16,0.0,1.0,0.0,0.0,0.0,0.0,0.184727,0.044859,0.216407
flat,850.0,0.16,0.16,0.16,0.0,1.0,0.0,0.0,0.0,0.0,0.18654,0.048346,0.21822
flat,866.667,0.16,0.16,0.16,0.0,1.0,0.0,0.0,0.0,0.0,0.187541,0.050272,0.219221
flat,883.333,0.16,0.16,0.16,0.0,1.0,0.0,0.0,0.0,0.0,0.187581,0.050348,0.219261
flat,900.0,0.16,0.16,0.16,0.0,1.0,0.0,0.0,0.0,0.0,0.18673,0.048711,0.21841
flat,916.667,0.16,0.16,0.16,0.0,1.0,0.0,0.0,0.0,0.0,0.185261,0.045887,0.216941
flat,933.333,0.16,0.16,0.16,0.0,1.0,0.0,0.0,0.0,0.0,0.18358,0.042653,0.21526
flat,950.0,0.16,0.16,0.16,0.0,1.0,0.0,0.0,0.0,0.0,0.182118,0.039842,0.213798
flat,966.667,0.16,0.16,0.16,0.0,1.0,0.0,0.0,0.0,0.0,0.181227,0.038128,0.212907
flat,983.333,0.16,0.16,0.16,0.0,1.0,0.0,0.0,0.0,0.0,0.181088,0.037861,0.212768
flat,1000.0,0.16,0.16,0.16,0.0,1.0,0.0,0.0,0.0,0.0,0.181669,0.038978,0.213349
flat,1016.667,0.16,0.16,0.16,0.0,1.0,0.0,0.0,0.0,0.0,0.182734,0.041027,0.214414
flat,1033.333,0.16,0.16,0.16,0.0,1.0,0.0,0.0,0.0,0.0,0.183906,0.04328,0.215586
flat,1050.0,0.16,0.16,0.16,0.0,1.0,0.0,0.0,0.0,0.0,0.184762,0.044928,0.216442
flat,1066.667,0.16,0.16,0.16,0.0,1.0,0.0,0.0,0.0,0.0,0.184948,0.045284,0.216628
flat,1083.333,0.16,0.16,0.16,0.0,1.0,0.0,0.0,0.0,0.0,0.184263,0.043968,0.215943
flat,1100.0,0.16,0.16,0.16,0.0,1.0,0.0,0.0,0.0,0.0,0.182721,0.041002,0.214401
flat,1116.667,0.16,0.16,0.16,0.0,1.0,0.0,0.0,0.0,0.0,0.180543,0.036814,0.212223
flat,1133.333,0.16,0.16,0.16,0.0,1.0,0.0,0.0,0.0,0.0,0.178111,0.032137,0.209791
flat,1150.0,0.16,0.16,0.16,0.0,1.0,0.0,0.0,0.0,0.0,0.175871,0.02783,0.207551
flat,1166.667,0.16,0.16,0.16,0.0,1.0,0.0,0.0,0.0,0.0,0.174228,0.024669,0.205908
flat,1183.333,0.16,0.16,0.16,0.0,1.0,0.0,0.0,0.0,0.0,0.173445,0.023163,0.205125
flat,1200.0,0.16,0.16,0.16,0.0,1.0,0.0,0.0,0.0,0.0,0.173584,0.023431,0.205264
flat,1216.667,0.16,0.16,0.16,0.0,1.0,0.0,0.0,0.0,0.0,0.174493,0.025179,0.206173
flat,1233.333,0.16,0.16,0.16,0.0,1.0,0.0,0.0,0.0,0.0,0.175848,0.027784,0.207528
flat,1250.0,0.16,0.16,0.16,0.0,1.0,0.0,0.0,0.0,0.0,0.177234,0.030449,0.208914
flat,1266.667,0.16,0.16,0.16,0.0,1.0,0.0,0.0,0.0,0.0,0.178254,0.032412,0.209934
flat,1283.333,0.16,0.16,0.16,0.0,1.0,0.0,0.0,0.0,0.0,0.17863,0.033135,0.21031
flat,1300.0,0.16,0.16,0.16,0.0,1.0,0.0,0.0,0.0,0.0,0.178269,0.032441,0.209949
flat,1316.667,0.16,0.16,0.16,0.0,1.0,0.0,0.0,0.0,0.0,0.177289,0.030556,0.208969
flat,1333.333,0.16,0.16,0.16,0.0,1.0,0.0,0.0,0.0,0.0,0.175989,0.028056,0.207669
flat,1350.0,0.16,0.16,0.16,0.0,1.0,0.0,0.0,0.0,0.0,0.174772,0.025716,0.206452
flat,1366.667,0.16,0.16,0.16,0.0,1.0,0.0,0.0,0.0,0.0,0.174047,0.024321,0.205727
flat,1383.333,0.16,0.16,0.16,0.0,1.0,0.0,0.0,0.0,0.0,0.17412,0.024462,0.2058
flat,1400.0,0.16,0.16,0.16,0.0,1.0,0.0,0.0,0.0,0.0,0.175124,0.026392,0.206804
flat,1416.667,0.16,0.16,0.16,0.0,1.0,0.0,0.0,0.0,0.0,0.176976,0.029954,0.208656
flat,1433.333,0.16,0.16,0.16,0.0,1.0,0.0,0.0,0.0,0.0,0.179401,0.034618,0.211081
flat,1450.0,0.16,0.16,0.16,0.0,1.0,0.0,0.0,0.0,0.0,0.181996,0.039608,0.213676
flat,1466.667,0.16,0.16,0.16,0.0,1.0,0.0,0.0,0.0,0.0,0.184324,0.044085,0.216004
flat,1483.333,0.16,0.16,0.16,0.0,1.0,0.0,0.0,0.0,0.0,0.186021,0.047347,0.217701
flat,1500.0,0.16,0.16,0.16,0.0,1.0,0.0,0.0,0.0,0.0,0.186879,0.048998,0.218559
flat,1516.667,0.16,0.16,0.16,0.0,1.0,0.0,0.0,0.0,0.0,0.186897,0.049033,0.218577
flat,1533.333,0.16,0.16,0.16,0.0,1.0,0.0,0.0,0.0,0.0,0.186272,0.047831,0.217952
flat,1550.0,0.16,0.16,0.16,0.0,1.0,0.0,0.0,0.0,0.0,0.185351,0.046059,0.217031
flat,1566.667,0.16,0.16,0.16,0.0,1.0,0.0,0.0,0.0,0.0,0.184536,0.044491,0.216216
flat,1583.333,0.16,0.16,0.16,0.0,1.0,0.0,0.0,0.0,0.0,0.184186,0.04382,0.215866
flat,1600.0,0.16,0.16,0.16,0.0,1.0,0.0,0.0,0.0,0.0,0.184527,0.044475,0.216207
flat,1616.667,0.16,0.16,0.16,0.0,1.0,0.0,0.0,0.0,0.0,0.185588,0.046516,0.217268
flat,1633.333,0.16,0.16,0.16,0.0,1.0,0.0,0.0,0.0,0.0,0.1872,0.049614,0.21888
flat,1650.0,0.16,0.16,0.16,0.0,1.0,0.0,0.0,0.0,0.0,0.189028,0.05313,0.220708
flat,1666.667,0.16,0.16,0.16,0.0,1.0,0.0,0.0,0.0,0.0,0.190659,0.056268,0.222339
flat,1683.333,0.16,0.16,0.16,0.0,1.0,0.0,0.0,0.0,0.0,0.1917,0.05827,0.22338
flat,1700.0,0.16,0.16,0.16,0.0,1.0,0.0,0.0,0.0,0.0,0.191873,0.058602,0.223553
flat,1716.667,0.16,0.16,0.16,0.0,1.0,0.0,0.0,0.0,0.0,0.191082,0.057081,0.222762
flat,1733.333,0.16,0.16,0.16,0.0,1.0,0.0,0.0,0.0,0.0,0.189441,0.053925,0.221121
flat,1750.0,0.16,0.16,0.16,0.0,1.0,0.0,0.0,0.0,0.0,0.187242,0.049696,0.218922
flat,1766.667,0.16,0.16,0.16,0.0,1.0,0.0,0.0,0.0,0.0,0.184889,0.045172,0.216569
flat,1783.333,0.16,0.16,0.16,0.0,1.0,0.0,0.0,0.0,0.0,0.1828,0.041155,0.21448
flat,1800.0,0.16,0.16,0.16,0.0,1.0,0.0,0.0,0.0,0.0,0.181309,0.038287,0.212989
flat,1816.667,0.16,0.16,0.16,0.0,1.0,0.0,0.0,0.0,0.0,0.180586,0.036896,0.212266
flat,1833.333,0.16,0.16,0.16,0.0,1.0,0.0,0.0,0.0,0.0,0.180602,0.036928,0.212282
flat,1850.0,0.16,0.16,0.16,0.0,1.0,0.0,0.0,0.0,0.0,0.181141,0.037963,0.212821
flat,1866.667,0.16,0.16,0.16,0.0,1.0,0.0,0.0,0.0,0.0,0.181851,0.039329,0.213531
flat,1883.333,0.16,0.16,0.16,0.0,1.0,0.0,0.0,0.0,0.0,0.182341,0.040272,0.214021
flat,1900.0,0.16,0.16,0.16,0.0,1.0,0.0,0.0,0.0,0.0,0.182276,0.040146,0.213956
flat,1916.667,0.16,0.16,0.16,0.0,1.0,0.0,0.0,0.0,0.0,0.18146,0.038577,0.21314
flat,1933.333,0.16,0.16,0.16,0.0,1.0,0.0,0.0,0.0,0.0,0.179891,0.03556,0.211571
flat,1950.0,0.16,0.16,0.16,0.0,1.0,0.0,0.0,0.0,0.0,0.177762,0.031466,0.209442
flat,1966.667,0.16,0.16,0.16,0.0,1.0,0.0,0.0,0.0,0.0,0.175417,0.026956,0.207097
flat,1983.333,0.16,0.16,0.16,0.0,1.0,0.0,0.0,0.0,0.0,0.173272,0.02283,0.204952
flat,2000.0,0.16,0.16,0.16,0.0,1.0,0.0,0.0,0.0,0.0,0.171715,0.019836,0.203395
flat,2016.667,0.16,0.16,0.16,0.0,1.0,0.0,0.0,0.0,0.0,0.171016,0.018493,0.202696
flat,2033.333,0.16,0.16,0.16,0.0,1.0,0.0,0.0,0.0,0.0,0.171265,0.018972,0.202945
flat,2050.0,0.16,0.16,0.16,0.0,1.0,0.0,0.0,0.0,0.0,0.172349,0.021055,0.204029
flat,2066.667,0.16,0.16,0.16,0.0,1.0,0.0,0.0,0.0,0.0,0.17398,0.024192,0.20566
flat,2083.333,0.16,0.16,0.16,0.0,1.0,0.0,0.0,0.0,0.0,0.175768,0.027631,0.207448
flat,2100.0,0.16,0.16,0.16,0.0,1.0,0.0,0.0,0.0,0.0,0.177313,0.030602,0.208993
flat,2116.667,0.16,0.16,0.16,0.0,1.0,0.0,0.0,0.0,0.0,0.178298,0.032495,0.209978
flat,2133.333,0.16,0.16,0.16,0.0,1.0,0.0,0.0,0.0,0.0,0.178565,0.033011,0.210245
flat,2150.0,0.16,0.16,0.16,0.0,1.0,0.0,0.0,0.0,0.0,0.178154,0.032218,0.209834
flat,2166.667,0.16,0.16,0.16,0.0,1.0,0.0,0.0,0.0,0.0,0.177282,0.030542,0.208962
flat,2183.333,0.16,0.16,0.16,0.0,1.0,0.0,0.0,0.0,0.0,0.176297,0.028649,0.207977
syllable_peaks,0.0,0.13,0.13,0.13,0.0,1.0,0.0,0.0,0.0,0.0,0.18047,0.040162,0.025
syllable_peaks,16.667,0.14558,0.13,0.14558,0.01558,8.0,0.0625,0.072917,0.0,0.0,0.184066,0.045221,0.05
syllable_peaks,33.333,0.188826,0.13,0.188826,0.058826,5.43974,0.125,0.145833,0.09375,0.317588,0.188675,0.049395,0.075
syllable_peaks,50.0,0.222371,0.13,0.222371,0.092371,3.46429,0.1875,0.21875,0.1875,0.156881,0.191748,0.05203,0.1
syllable_peaks,66.667,0.212378,0.13,0.222371,0.092371,3.46429,0.25,0.291667,0.158854,0.046734,0.191681,0.052851,0.125
syllable_peaks,83.333,0.170849,0.13,0.222371,0.092371,3.46429,0.21875,0.360293,0.130208,0.194222,0.189065,0.052021,0.15
syllable_peaks,100.0,0.140839,0.13,0.222371,0.092371,3.46429,0.1875,0.321231,0.101562,0.140351,0.186315,0.050099,0.175
syllable_peaks,116.667,0.138661,0.13,0.222371,0.092371,3.46429,0.15625,0.282168,0.072917,0.010187,0.185028,0.047883,0.2
syllable_peaks,133.333,0.139558,0.13,0.222371,0.092371,3.46429,0.125,0.243106,0.044271,0.004196,0.184209,0.046201,0.225
syllable_peaks,150.0,0.140329,0.13,0.222371,0.092371,3.46429,0.09375,0.204043,0.015625,0.003604,0.183992,0.045692,0.25
syllable_peaks,166.667,0.140963,0.13,0.222371,0.092371,3.46429,0.0625,0.164981,0.00439,0.002963,0.184523,0.046638,0.275
syllable_peaks,183.333,0.141451,0.13,0.222371,0.092371,3.46429,0.039669,0.127348,0.003383,0.002284,0.185722,0.048888,0.277819
syllable_peaks,200.0,0.141787,0.13,0.222371,0.092371,3.46429,0.040835,0.129915,0.002332,0.001574,0.187306,0.051893,0.28047
syllable_peaks,216.667,0.141968,0.13,0.222371,0.092371,3.46429,0.04146,0.131168,0.001249,0.000843,0.188856,0.054854,0.28244
syllable_peaks,233.333,0.154856,0.13,0.222371,0.092371,3.46429,0.086107,0.204085,0.089295,0.060274,0.190701,0.056921,0.30744
syllable_peaks,250.0,0.19597,0.13,0.222371,0.092371,3.46429,0.148607,0.277001,0.183045,0.192284,0.19322,0.057416,0.33244
syllable_peaks,266.667,0.229258,0.13,0.229258,0.099258,3.223917,0.211107,0.349918,0.214635,0.144879,0.194153,0.056015,0.35744
syllable_peaks,283.333,0.21956,0.13,0.229258,0.099258,3.223917,0.273607,0.422835,0.18599,0.042209,0.192024,0.052826,0.38244
syllable_peaks,300.0,0.176758,0.13,0.229258,0.099258,3.223917,0.242357,0.383772,0.157344,0.186289,0.187495,0.048375,0.40744
syllable_peaks,316.667,0.14363,0.13,0.229258,0.099258,3.223917,0.211107,0.34471,0.128698,0.144179,0.183037,0.043469,0.402183
syllable_peaks,333.333,0.138918,0.13,0.229258,0.099258,3.223917,0.179857,0.305647,0.100052,0.020511,0.180423,0.038996,0.390725
syllable_peaks,350.0,0.137936,0.13,0.229258,0.099258,3.223917,0.148607,0.266585,0.071406,0.004274,0.178651,0.035705,0.379267
syllable_peaks,366.667,0.136849,0.13,0.229258,0.099258,3.223917,0.117357,0.227522,0.04276,0.004732,0.177706,0.034019,0.367808
syllable_peaks,383.333,0.135671,0.13,0.229258,0.099258,3.223917,0.086107,0.18846,0.014115,0.005127,0.177589,0.033934,0.35635
syllable_peaks,400.0,0.134417,0.13,0.229258,0.099258,3.223917,0.054857,0.149397,0.0,0.005454,0.178081,0.035031,0.344892
syllable_peaks,416.667,0.133106,0.13,0.229258,0.099258,3.223917,0.023607,0.110335,0.0,0.005709,0.178808,0.036588,0.333433
syllable_peaks,433.333,0.131753,0.13,0.229258,0.099258,3.223917,0.005652,0.071272,0.0,0.005888,0.179341,0.037777,0.321975
syllable_peaks,450.0,0.141972,0.13,0.229258,0.099258,3.223917,0.038598,0.138511,0.065892,0.044477,0.180033,0.037885,0.310517
syllable_peaks,466.667,0.181131,0.13,0.229258,0.099258,3.223917,0.101098,0.211427,0.159642,0.170428,0.181558,0.036501,0.335517
syllable_peaks,483.333,0.214633,0.13,0.229258,0.099258,3.223917,0.163598,0.284344,0.216017,0.145811,0.181799,0.033631,0.360517
syllable_peaks,500.0,0.20608,0.13,0.229258,0.099258,3.223917,0.226098,0.357261,0.187371,0.037225,0.179325,0.029699,0.385517
syllable_peaks,516.667,0.163197,0.13,0.229258,0.099258,3.223917,0.194848,0.318198,0.158725,0.186638,0.174814,0.025445,0.38802
syllable_peaks,533.333,0.12836,0.12836,0.229258,0.100898,3.171513,0.163598,0.279136,0.130079,0.149156,0.170786,0.021741,0.376561
syllable_peaks,550.0,0.122645,0.122645,0.229258,0.106613,3.001509,0.132348,0.240073,0.101433,0.023157,0.169179,0.019365,0.365103
syllable_peaks,566.667,0.121604,0.121604,0.229258,0.107654,2.972483,0.101098,0.201011,0.072787,0.004178,0.168822,0.018809,0.353645
syllable_peaks,583.333,0.120674,0.120674,0.229258,0.108584,2.94703,0.069848,0.161948,0.044142,0.003699,0.16946,0.020154,0.342186
syllable_peaks,600.0,0.119868,0.119868,0.229258,0.10939,2.925311,0.038598,0.122886,0.015496,0.003184,0.170911,0.023048,0.330728
syllable_peaks,616.667,0.119196,0.119196,0.229258,0.110062,2.907453,0.007348,0.083823,0.0,0.002637,0.172816,0.026797,0.31927
syllable_peaks,633.333,0.118667,0.118667,0.229258,0.110591,2.893553,0.0,0.044761,0.0,0.002065,0.174728,0.030542,0.307811
syllable_peaks,650.0,0.118289,0.118289,0.229258,0.110969,2.883684,0.0,0.005698,0.0,0.001473,0.176228,0.033475,0.296353
syllable_peaks,666.667,0.128455,0.118289,0.229258,0.110969,2.883684,0.029316,0.078615,0.058632,0.039577,0.177709,0.035042,0.284895
syllable_peaks,683.333,0.168142,0.118289,0.229258,0.110969,2.883684,0.091816,0.151531,0.152382,0.154498,0.180102,0.035077,0.309895
syllable_peaks,700.0,0.204316,0.118289,0.229258,0.110969,2.883684,0.154316,0.224448,0.20863,0.140826,0.18139,0.033841,0.334895
syllable_peaks,716.667,0.199401,0.118289,0.229258,0.110969,2.883684,0.216816,0.297365,0.179985,0.019133,0.180154,0.031948,0.359895
syllable_peaks,733.333,0.158914,0.118289,0.229258,0.110969,2.883684,0.185566,0.320604,0.151339,0.157616,0.177041,0.030199,0.384895
syllable_peaks,750.0,0.124681,0.118289,0.229258,0.110969,2.883684,0.154316,0.281542,0.122693,0.133269,0.174516,0.029372,0.373436
syllable_peaks,766.667,0.120005,0.118289,0.229258,0.110969,2.883684,0.123066,0.242479,0.094047,0.018203,0.174545,0.030018,0.361978
syllable_peaks,783.333,0.120834,0.118289,0.229258,0.110969,2.883684,0.091816,0.203417,0.065401,0.003229,0.175792,0.032312,0.35052
syllable_peaks,800.0,0.121785,0.118289,0.229258,0.110969,2.883684,0.060566,0.164354,0.036755,0.003702,0.177773,0.035999,0.339061
syllable_peaks,816.667,0.122845,0.118289,0.229258,0.110969,2.883684,0.029316,0.125292,0.00811,0.004126,0.180163,0.040461,0.327603
syllable_peaks,833.333,0.124,0.118289,0.229258,0.110969,2.883684,0.016469,0.086229,0.00666,0.004495,0.182525,0.044859,0.316145
syllable_peaks,850.0,0.125234,0.118289,0.229258,0.110969,2.883684,0.020028,0.077213,0.007118,0.004805,0.184418,0.048346,0.304686
syllable_peaks,866.667,0.126532,0.118289,0.229258,0.110969,2.883684,0.023769,0.087701,0.007483,0.005051,0.185504,0.050272,0.293228
syllable_peaks,883.333,0.137125,0.118289,0.229258,0.110969,2.883684,0.054317,0.160617,0.061095,0.041239,0.186215,0.050348,0.304349
syllable_peaks,900.0,0.177387,0.118289,0.229258,0.110969,2.883684,0.116817,0.233534,0.154845,0.156741,0.187704,0.048711,0.329349
syllable_peaks,916.667,0.21598,0.118289,0.229258,0.110969,2.883684,0.179317,0.306451,0.222577,0.150239,0.188239,0.045887,0.354349
syllable_peaks,933.333,0.214249,0.118289,0.229258,0.110969,2.883684,0.241817,0.379367,0.193931,0.00674,0.186472,0.042653,0.379349
syllable_peaks,950.0,0.175493,0.118289,0.229258,0.110969,2.883684,0.210567,0.409006,0.165285,0.150875,0.182988,0.039842,0.404349
syllable_peaks,966.667,0.140889,0.118289,0.229258,0.110969,2.883684,0.179317,0.369943,0.136639,0.134712,0.180093,0.038128,0.41258
syllable_peaks,983.333,0.135891,0.118289,0.229258,0.110969,2.883684,0.148067,0.330881,0.107993,0.019457,0.179645,0.037861,0.401122
syllable_peaks,1000.0,0.137053,0.118289,0.229258,0.110969,2.883684,0.116817,0.291818,0.079348,0.004526,0.180298,0.038978,0.389663
syllable_peaks,1016.667,0.138123,0.118289,0.229258,0.110969,2.883684,0.085567,0.252756,0.050702,0.004162,0.18143,0.041027,0.378205
syllable_peaks,1033.333,0.139084,0.118289,0.229258,0.110969,2.883684,0.059966,0.213693,0.022056,0.003743,0.182661,0.04328,0.366747
syllable_peaks,1050.0,0.139925,0.118289,0.229258,0.110969,2.883684,0.062391,0.179318,0.004851,0.003274,0.183569,0.044928,0.355288
syllable_peaks,1066.667,0.140634,0.118289,0.229258,0.110969,2.883684,0.064437,0.183555,0.004092,0.002762,0.183798,0.045284,0.34383
syllable_peaks,1083.333,0.141203,0.118289,0.229258,0.110969,2.883684,0.066077,0.186881,0.003279,0.002213,0.183149,0.043968,0.332372
syllable_peaks,1100.0,0.149801,0.118289,0.229258,0.110969,2.883684,0.09087,0.247866,0.049586,0.033471,0.182125,0.041002,0.340991
syllable_peaks,1116.667,0.188028,0.118289,0.229258,0.110969,2.883684,0.15337,0.320783,0.143336,0.148817,0.18209,0.036814,0.365991
syllable_peaks,1133.333,0.226396,0.118289,0.229258,0.110969,2.883684,0.21587,0.3937,0.221282,0.149365,0.181599,0.032137,0.390991
syllable_peaks,1150.0,0.225309,0.118289,0.229258,0.110969,2.883684,0.27837,0.466616,0.192636,0.004229,0.179306,0.02783,0.415991
syllable_peaks,1166.667,0.185876,0.118289,0.229258,0.110969,2.883684,0.24712,0.459166,0.16399,0.153511,0.17566,0.024669,0.440991
syllable_peaks,1183.333,0.148547,0.118289,0.229258,0.110969,2.883684,0.21587,0.420104,0.135344,0.145323,0.172774,0.023163,0.429661
syllable_peaks,1200.0,0.140858,0.118289,0.229258,0.110969,2.883684,0.18462,0.381041,0.106698,0.029933,0.172448,0.023431,0.418203
syllable_peaks,1216.667,0.140199,0.118289,0.229258,0.110969,2.883684,0.15337,0.341979,0.078052,0.002566,0.173317,0.025179,0.406744
syllable_peaks,1233.333,0.139404,0.118289,0.229258,0.110969,2.883684,0.12212,0.302916,0.049407,0.003093,0.174623,0.027784,0.395286
syllable_peaks,1250.0,0.138485,0.118289,0.229258,0.110969,2.883684,0.09087,0.263854,0.020761,0.003578,0.175952,0.030449,0.383828
syllable_peaks,1266.667,0.137454,0.118289,0.229258,0.110969,2.883684,0.05962,0.224791,0.0,0.004016,0.176909,0.032412,0.372369
syllable_peaks,1283.333,0.136323,0.118289,0.229258,0.110969,2.883684,0.052006,0.185729,0.0,0.0044,0.177214,0.033135,0.360911
syllable_peaks,1300.0,0.135109,0.118289,0.229258,0.110969,2.883684,0.048505,0.147361,0.0,0.004727,0.176778,0.032441,0.349453
syllable_peaks,1316.667,0.141001,0.118289,0.229258,0.110969,2.883684,0.065495,0.192394,0.033981,0.022937,0.176162,0.030556,0.337994
syllable_peaks,1333.333,0.176634,0.118289,0.229258,0.110969,2.883684,0.127995,0.265311,0.127731,0.138716,0.176922,0.028056,0.360062
syllable_peaks,1350.0,0.214492,0.118289,0.229258,0.110969,2.883684,0.190495,0.338228,0.218343,0.147381,0.177677,0.025716,0.385062
syllable_peaks,1366.667,0.214147,0.118289,0.229258,0.110969,2.883684,0.252995,0.411144,0.189697,0.001343,0.176934,0.024321,0.410062
syllable_peaks,1383.333,0.17451,0.118289,0.229258,0.110969,2.883684,0.221745,0.403196,0.161051,0.154305,0.174937,0.024462,0.430119
syllable_peaks,1400.0,0.135193,0.118289,0.229258,0.110969,2.883684,0.190495,0.364133,0.132405,0.153059,0.173637,0.026392,0.418661
syllable_peaks,1416.667,0.1257,0.118289,0.229258,0.110969,2.883684,0.159245,0.325071,0.103759,0.036959,0.174885,0.029954,0.407203
syllable_peaks,1433.333,0.12444,0.118289,0.229258,0.110969,2.883684,0.127995,0.286008,0.075114,0.004902,0.177228,0.034618,0.395744
syllable_peaks,1450.0,0.123255,0.118289,0.229258,0.110969,2.883684,0.096745,0.246946,0.046468,0.004615,0.179746,0.039608,0.384286
syllable_peaks,1466.667,0.122159,0.118289,0.229258,0.110969,2.883684,0.065495,0.207883,0.017822,0.004267,0.182002,0.044085,0.372828
syllable_peaks,1483.333,0.121167,0.118289,0.229258,0.110969,2.883684,0.034245,0.168821,0.0,0.003862,0.183633,0.047347,0.361369
syllable_peaks,1500.0,0.120292,0.118289,0.229258,0.110969,2.883684,0.005775,0.129758,0.0,0.003407,0.184433,0.048998,0.349911
syllable_peaks,1516.667,0.119545,0.118289,0.229258,0.110969,2.883684,0.003623,0.090696,0.0,0.002906,0.184402,0.049033,0.338453
syllable_peaks,1533.333,0.125176,0.118289,0.229258,0.110969,2.883684,0.019861,0.082316,0.032475,0.021921,0.184147,0.047831,0.326994
syllable_peaks,1550.0,0.160621,0.118289,0.229258,0.110969,2.883684,0.082361,0.155233,0.126225,0.137986,0.185386,0.046059,0.315536
syllable_peaks,1566.667,0.200415,0.118289,0.229258,0.110969,2.883684,0.144861,0.22815,0.219975,0.154917,0.186729,0.044491,0.340536
syllable_peaks,1583.333,0.203368,0.118289,0.229258,0.110969,2.883684,0.207361,0.301066,0.191329,0.011496,0.186531,0.04382,0.365536
syllable_peaks,1600.0,0.166165,0.118289,0.229258,0.110969,2.883684,0.176111,0.361265,0.162684,0.144833,0.184878,0.044475,0.390536
syllable_peaks,1616.667,0.12744,0.118289,0.229258,0.110969,2.883684,0.144861,0.322202,0.134038,0.150756,0.18361,0.046516,0.391699
syllable_peaks,1633.333,0.118512,0.118289,0.229258,0.110969,2.883684,0.113611,0.28314,0.105392,0.034754,0.184635,0.049614,0.380241
syllable_peaks,1650.0,0.118987,0.118289,0.229258,0.110969,2.883684,0.082361,0.244077,0.076746,0.001848,0.186495,0.05313,0.368783
syllable_peaks,1666.667,0.119608,0.118289,0.229258,0.110969,2.883684,0.051111,0.205015,0.0481,0.002417,0.188168,0.056268,0.357324
syllable_peaks,1683.333,0.120366,0.118289,0.229258,0.110969,2.883684,0.019861,0.165952,0.019454,0.002953,0.18926,0.05827,0.345866
syllable_peaks,1700.0,0.121252,0.118289,0.229258,0.110969,2.883684,0.008545,0.12689,0.005111,0.00345,0.189491,0.058602,0.334408
syllable_peaks,1716.667,0.122255,0.118289,0.229258,0.110969,2.883684,0.011435,0.087827,0.00578,0.003901,0.188766,0.057081,0.322949
syllable_peaks,1733.333,0.123359,0.118289,0.229258,0.110969,2.883684,0.014621,0.061111,0.006372,0.004301,0.187197,0.053925,0.311491
syllable_peaks,1750.0,0.129925,0.118289,0.229258,0.110969,2.883684,0.033554,0.119914,0.037866,0.02556,0.185423,0.049696,0.300033
syllable_peaks,1766.667,0.165978,0.118289,0.229258,0.110969,2.883684,0.096054,0.19283,0.131616,0.140356,0.18523,0.045172,0.325033
syllable_peaks,1783.333,0.208192,0.118289,0.229258,0.110969,2.883684,0.158554,0.265747,0.225366,0.164338,0.185389,0.041155,0.350033
syllable_peaks,1800.0,0.214717,0.118289,0.229258,0.110969,2.883684,0.221054,0.338664,0.19672,0.025401,0.184224,0.038287,0.375033
syllable_peaks,1816.667,0.180015,0.118289,0.229258,0.110969,2.883684,0.189804,0.41158,0.168075,0.135094,0.181703,0.036896,0.400033
syllable_peaks,1833.333,0.141644,0.118289,0.229258,0.110969,2.883684,0.158554,0.372518,0.139429,0.149379,0.179515,0.036928,0.413795
syllable_peaks,1850.0,0.132618,0.118289,0.229258,0.110969,2.883684,0.127304,0.333455,0.110783,0.035138,0.179492,0.037963,0.402337
syllable_peaks,1866.667,0.133946,0.118289,0.226396,0.108107,2.960042,0.096054,0.294393,0.082137,0.005309,0.180286,0.039329,0.390879
syllable_peaks,1883.333,0.135223,0.118289,0.226396,0.108107,2.960042,0.064804,0.25533,0.053491,0.0051,0.180857,0.040272,0.37942
syllable_peaks,1900.0,0.13643,0.118289,0.226396,0.108107,2.960042,0.053698,0.216268,0.024845,0.004824,0.180867,0.040146,0.367962
syllable_peaks,1916.667,0.137552,0.118289,0.226396,0.108107,2.960042,0.057019,0.177205,0.006642,0.004483,0.180121,0.038577,0.356504
syllable_peaks,1933.333,0.138574,0.118289,0.226396,0.108107,2.960042,0.060043,0.174485,0.006049,0.004083,0.178615,0.03556,0.345045
syllable_peaks,1950.0,0.139482,0.118289,0.226396,0.108107,2.960042,0.062732,0.180169,0.005377,0.003629,0.176542,0.031466,0.333587
syllable_peaks,1966.667,0.144841,0.118289,0.226396,0.108107,2.960042,0.078594,0.219263,0.031724,0.021414,0.174524,0.026956,0.322129
syllable_peaks,1983.333,0.179103,0.118289,0.226396,0.108107,2.960042,0.141094,0.29218,0.125474,0.136915,0.174339,0.02283,0.347129
syllable_peaks,2000.0,0.221201,0.118289,0.226396,0.108107,2.960042,0.203594,0.365096,0.219224,0.168224,0.174949,0.019836,0.372129
syllable_peaks,2016.667,0.228768,0.118289,0.228768,0.110479,2.896478,0.266094,0.438013,0.190579,0.02959,0.174618,0.018493,0.397129
syllable_peaks,2033.333,0.194093,0.118289,0.228768,0.110479,2.896478,0.234844,0.498918,0.161933,0.135589,0.173131,0.018972,0.422129
syllable_peaks,2050.0,0.153589,0.118289,0.228768,0.110479,2.896478,0.203594,0.459856,0.133287,0.158378,0.171976,0.021055,0.447129
syllable_peaks,2066.667,0.141871,0.118289,0.228768,0.110479,2.896478,0.172344,0.420793,0.104641,0.045821,0.172906,0.024192,0.43567
syllable_peaks,2083.333,0.141591,0.118289,0.228768,0.110479,2.896478,0.141094,0.381731,0.075995,0.001095,0.174677,0.027631,0.424212
syllable_peaks,2100.0,0.141157,0.118289,0.228768,0.110479,2.896478,0.109844,0.342668,0.047349,0.001696,0.176195,0.030602,0.412754
syllable_peaks,2116.667,0.140576,0.118289,0.228768,0.110479,2.896478,0.078594,0.303606,0.018704,0.002274,0.177145,0.032495,0.401295
syllable_peaks,2133.333,0.139854,0.118289,0.228768,0.110479,2.896478,0.062462,0.264543,0.0,0.002823,0.177368,0.033011,0.389837
syllable_peaks,2150.0,0.139001,0.118289,0.228768,0.110479,2.896478,0.059993,0.225481,0.0,0.003333,0.176904,0.032218,0.378379
syllable_peaks,2166.667,0.13803,0.118289,0.228768,0.110479,2.896478,0.057178,0.186418,0.0,0.0038,0.175972,0.030542,0.36692
syllable_peaks,2183.333,0.1408,0.118289,0.228768,0.110479,2.896478,0.065203,0.187827,0.016051,0.010834,0.175158,0.028649,0.355462
gaps,0.0,0.15,0.15,0.15,0.0,1.0,0.0,0.0,0.0,0.0,0.1817,0.040162,0.025
gaps,16.667,0.167872,0.15,0.167872,0.017872,8.0,0.0625,0.072917,0.0,0.0,0.185362,0.045221,0.05
gaps,33.333,0.182804,0.15,0.182804,0.032804,8.0,0.125,0.145833,0.09375,0.161265,0.188353,0.049395,0.075
gaps,50.0,0.19234,0.15,0.19234,0.04234,7.55793,0.1875,0.21875,0.144146,0.097298,0.19023,0.05203,0.1
gaps,66.667,0.194911,0.15,0.194911,0.044911,7.125171,0.25,0.291667,0.1155,0.024736,0.190791,0.052851,0.125
gaps,83.333,0.190095,0.15,0.194911,0.044911,7.125171,0.285686,0.364583,0.086854,0.046324,0.190107,0.052021,0.15
gaps,100.0,0.178684,0.15,0.194911,0.044911,7.125171,0.254436,0.4375,0.058208,0.109764,0.188496,0.050099,0.175
gaps,116.667,0.162555,0.15,0.194911,0.044911,7.125171,0.223186,0.398438,0.029562,0.155149,0.186446,0.047883,0.2
gaps,133.333,0.15,0.15,0.194911,0.044911,7.125171,0.191936,0.359375,0.000916,0.120762,0.18484,0.046201,0.225
gaps,150.0,0.15,0.15,0.194911,0.044911,7.125171,0.160686,0.320313,0.0,0.0,0.184576,0.045692,0.25
gaps,166.667,0.15,0.15,0.194911,0.044911,7.125171,0.129436,0.28125,0.0,0.0,0.185068,0.046638,0.275
gaps,183.333,0.15,0.15,0.194911,0.044911,7.125171,0.098186,0.242188,0.0,0.0,0.186237,0.048888,0.3
gaps,200.0,0.15,0.15,0.194911,0.044911,7.125171,0.066936,0.203125,0.0,0.0,0.1878,0.051893,0.316279
gaps,216.667,0.15,0.15,0.194911,0.044911,7.125171,0.035686,0.164063,0.0,0.0,0.18934,0.054854,0.304821
gaps,233.333,0.15,0.15,0.194911,0.044911,7.125171,0.004436,0.125,0.0,0.0,0.190415,0.056921,0.293363
gaps,250.0,0.15,0.15,0.194911,0.044911,7.125171,0.0,0.085938,0.0,0.0,0.190672,0.057416,0.281904
gaps,266.667,0.161191,0.15,0.194911,0.044911,7.125171,0.0625,0.158854,0.09375,0.107646,0.190596,0.056015,0.306904
gaps,283.333,0.177581,0.15,0.194911,0.044911,7.125171,0.125,0.231771,0.1875,0.157653,0.189854,0.052826,0.331904
gaps,300.0,0.189434,0.15,0.194911,0.044911,7.125171,0.1875,0.304688,0.168909,0.114014,0.188176,0.048375,0.356904
gaps,316.667,0.1948,0.15,0.194911,0.044911,7.125171,0.25,0.377604,0.140263,0.05162,0.185906,0.043469,0.381904
gaps,333.333,0.192798,0.15,0.194911,0.044911,7.125171,0.30494,0.450521,0.111617,0.019264,0.183476,0.038996,0.406904
gaps,350.0,0.183755,0.15,0.194911,0.044911,7.125171,0.27369,0.514877,0.082972,0.08698,0.181285,0.035705,0.431904
gaps,366.667,0.16916,0.15,0.194911,0.044911,7.125171,0.24244,0.475814,0.054326,0.140388,0.179609,0.034019,0.450082
gaps,383.333,0.151413,0.15,0.194911,0.044911,7.125171,0.21119,0.436752,0.02568,0.170704,0.178545,0.033934,0.438624
gaps,400.0,0.15,0.15,0.194911,0.044911,7.125171,0.17994,0.397689,0.0,0.013596,0.179032,0.035031,0.427165
gaps,416.667,0.15,0.15,0.194911,0.044911,7.125171,0.14869,0.358627,0.0,0.0,0.179841,0.036588,0.415707
gaps,433.333,0.15,0.15,0.194911,0.044911,7.125171,0.11744,0.319564,0.0,0.0,0.18046,0.037777,0.404249
gaps,450.0,0.15,0.15,0.194911,0.044911,7.125171,0.08619,0.280502,0.0,0.0,0.180516,0.037885,0.39279
gaps,466.667,0.15,0.15,0.194911,0.044911,7.125171,0.05494,0.241439,0.0,0.0,0.179796,0.036501,0.381332
gaps,483.333,0.15,0.15,0.194911,0.044911,7.125171,0.02369,0.202377,0.0,0.0,0.178304,0.033631,0.369874
gaps,500.0,0.15,0.15,0.194911,0.044911,7.125171,0.0,0.163314,0.0,0.0,0.176259,0.029699,0.358415
gaps,516.667,0.154235,0.15,0.194911,0.044911,7.125171,0.030174,0.124252,0.060348,0.040735,0.174297,0.025445,0.346957
gaps,533.333,0.171679,0.15,0.194911,0.044911,7.125171,0.092674,0.197169,0.154098,0.167794,0.173365,0.021741,0.335499
gaps,550.0,0.185557,0.15,0.194911,0.044911,7.125171,0.155174,0.270085,0.197767,0.133493,0.172885,0.019365,0.360499
gaps,566.667,0.193586,0.15,0.194911,0.044911,7.125171,0.217674,0.343002,0.169121,0.077233,0.17302,0.018809,0.385499
gaps,583.333,0.194446,0.15,0.194911,0.044911,7.125171,0.280174,0.415919,0.140475,0.00827,0.173764,0.020154,0.410499
gaps,600.0,0.187995,0.15,0.194911,0.044911,7.125171,0.270719,0.488835,0.11183,0.062054,0.17493,0.023048,0.435499
gaps,616.667,0.175294,0.15,0.194911,0.044911,7.125171,0.239469,0.449773,0.083184,0.122171,0.176194,0.026797,0.439769
gaps,633.333,0.158432,0.15,0.194911,0.044911,7.125171,0.208219,0.41071,0.054538,0.162191,0.177192,0.030542,0.42831
gaps,650.0,0.15,0.15,0.194911,0.044911,7.125171,0.176969,0.371648,0.025892,0.081109,0.178223,0.033475,0.416852
gaps,666.667,0.15,0.15,0.194911,0.044911,7.125171,0.145719,0.332585,0.0,0.0,0.179038,0.035042,0.405394
gaps,683.333,0.15,0.15,0.194911,0.044911,7.125171,0.114469,0.293523,0.0,0.0,0.179056,0.035077,0.393935
gaps,700.0,0.15,0.15,0.194911,0.044911,7.125171,0.083219,0.25446,0.0,0.0,0.178413,0.033841,0.382477
gaps,716.667,0.15,0.15,0.194911,0.044911,7.125171,0.051969,0.215398,0.0,0.0,0.177429,0.031948,0.371019
gaps,733.333,0.15,0.15,0.194911,0.044911,7.125171,0.020719,0.176335,0.0,0.0,0.176519,0.030199,0.35956
gaps,750.0,0.15,0.15,0.194911,0.044911,7.125171,0.0,0.137273,0.0,0.0,0.176089,0.029372,0.348102
gaps,766.667,0.0018,0.15,0.194911,0.044911,7.125171,0.0,0.09821,0.0,1.0,0.160561,0.030018,0.336644
gaps,783.333,0.001983,0.15,0.194911,0.044911,7.125171,0.0,0.059148,0.002607,0.001759,0.16185,0.032312,0.325185
gaps,800.0,0.00217,0.15,0.194911,0.044911,7.125171,0.0,0.020085,0.002661,0.001796,0.163862,0.035999,0.313727
gaps,816.667,0.002296,0.15,0.194911,0.044911,7.125171,0.0,0.000395,0.001795,0.001211,0.166244,0.040461,0.302269
gaps,833.333,0.00234,0.15,0.194911,0.044911,7.125171,0.0,0.000139,0.000633,0.000427,0.168552,0.044859,0.29081
gaps,850.0,0.002296,0.15,0.194911,0.044911,7.125171,0.0,0.0,0.0,0.000427,0.170344,0.048346,0.279352
gaps,866.667,0.00217,0.15,0.194911,0.044911,7.125171,0.0,0.0,0.0,0.001211,0.171284,0.050272,0.267894
gaps,883.333,0.001983,0.15,0.194911,0.044911,7.125171,0.0,0.0,0.0,0.001796,0.171229,0.050348,0.256435
gaps,900.0,0.0018,0.15,0.194911,0.044911,7.125171,0.0,0.0,0.0,0.001759,0.170281,0.048711,0.244977
gaps,916.667,0.0018,0.15,0.194911,0.044911,7.125171,0.0,0.0,0.0,0.0,0.168813,0.045887,0.233519
gaps,933.333,0.0018,0.15,0.194911,0.044911,7.125171,0.0,0.0,0.0,0.0,0.167131,0.042653,0.22206
gaps,950.0,0.0018,0.15,0.194911,0.044911,7.125171,0.0,0.0,0.0,0.0,0.165669,0.039842,0.210602
gaps,966.667,0.0018,0.15,0.194911,0.044911,7.125171,0.0,0.0,0.0,0.0,0.164778,0.038128,0.199144
gaps,983.333,0.0018,0.15,0.194911,0.044911,7.125171,0.0,0.0,0.0,0.0,0.164639,0.037861,0.187685
gaps,1000.0,0.15,0.15,0.194911,0.044911,7.125171,0.0,0.020625,0.09375,1.0,0.181084,0.038978,0.212685
gaps,1016.667,0.15,0.15,0.194911,0.044911,7.125171,0.0,0.014323,0.065104,0.0,0.18215,0.041027,0.231722
gaps,1033.333,0.158432,0.15,0.194911,0.044911,7.125171,0.060081,0.08724,0.120161,0.081109,0.183815,0.04328,0.256722
gaps,1050.0,0.175294,0.15,0.194911,0.044911,7.125171,0.122581,0.160156,0.213911,0.162191,0.185622,0.044928,0.281722
gaps,1066.667,0.187995,0.15,0.194911,0.044911,7.125171,0.185081,0.233073,0.185265,0.122171,0.186493,0.045284,0.306722
gaps,1083.333,0.194446,0.15,0.194911,0.044911,7.125171,0.247581,0.30599,0.156619,0.062054,0.186147,0.043968,0.331722
gaps,1100.0,0.193586,0.15,0.194911,0.044911,7.125171,0.310081,0.378906,0.127974,0.00827,0.18456,0.041002,0.356722
gaps,1116.667,0.185557,0.15,0.194911,0.044911,7.125171,0.278831,0.451823,0.099328,0.077233,0.181958,0.036814,0.381722
gaps,1133.333,0.171679,0.15,0.194911,0.044911,7.125171,0.247581,0.41276,0.070682,0.133493,0.178771,0.032137,0.406722
gaps,1150.0,0.154235,0.15,0.194911,0.044911,7.125171,0.216331,0.373698,0.042036,0.167794,0.175537,0.02783,0.395264
gaps,1166.667,0.15,0.15,0.194911,0.044911,7.125171,0.185081,0.334635,0.01339,0.040735,0.173644,0.024669,0.383806
gaps,1183.333,0.15,0.15,0.194911,0.044911,7.125171,0.153831,0.295573,0.0,0.0,0.172861,0.023163,0.372347
gaps,1200.0,0.15,0.15,0.194911,0.044911,7.125171,0.122581,0.25651,0.0,0.0,0.173,0.023431,0.360889
gaps,1216.667,0.15,0.15,0.194911,0.044911,7.125171,0.091331,0.217448,0.0,0.0,0.173909,0.025179,0.349431
gaps,1233.333,0.15,0.15,0.194911,0.044911,7.125171,0.060081,0.178385,0.0,0.0,0.175263,0.027784,0.337972
gaps,1250.0,0.15,0.15,0.194911,0.044911,7.125171,0.028831,0.139323,0.0,0.0,0.176649,0.030449,0.326514
gaps,1266.667,0.15,0.15,0.194911,0.044911,7.125171,0.0,0.10026,0.0,0.0,0.17767,0.032412,0.315056
gaps,1283.333,0.151413,0.15,0.194911,0.044911,7.125171,0.010071,0.061198,0.020143,0.013596,0.17813,0.033135,0.303597
gaps,1300.0,0.16916,0.15,0.194911,0.044911,7.125171,0.072571,0.134115,0.113893,0.170704,0.178789,0.032441,0.295967
gaps,1316.667,0.183755,0.15,0.194911,0.044911,7.125171,0.135071,0.207031,0.207643,0.140388,0.178608,0.030556,0.320967
gaps,1333.333,0.192798,0.15,0.194911,0.044911,7.125171,0.197571,0.279948,0.178997,0.08698,0.177787,0.028056,0.345967
gaps,1350.0,0.1948,0.15,0.194911,0.044911,7.125171,0.260071,0.352865,0.150351,0.019264,0.176675,0.025716,0.370967
gaps,1366.667,0.189434,0.15,0.194911,0.044911,7.125171,0.280973,0.425781,0.121705,0.05162,0.175668,0.024321,0.395967
gaps,1383.333,0.177581,0.15,0.194911,0.044911,7.125171,0.249723,0.446233,0.093059,0.114014,0.175105,0.024462,0.420967
gaps,1400.0,0.161191,0.15,0.194911,0.044911,7.125171,0.218473,0.40717,0.064413,0.157653,0.175192,0.026392,0.41399
gaps,1416.667,0.15,0.15,0.194911,0.044911,7.125171,0.187223,0.368108,0.035768,0.107646,0.176392,0.029954,0.402532
gaps,1433.333,0.15,0.15,0.194911,0.044911,7.125171,0.155973,0.329045,0.007122,0.0,0.178817,0.034618,0.391074
gaps,1450.0,0.15,0.15,0.194911,0.044911,7.125171,0.124723,0.289983,0.0,0.0,0.181412,0.039608,0.379615
gaps,1466.667,0.15,0.15,0.194911,0.044911,7.125171,0.093473,0.25092,0.0,0.0,0.18374,0.044085,0.368157
gaps,1483.333,0.15,0.15,0.194911,0.044911,7.125171,0.062223,0.211858,0.0,0.0,0.185436,0.047347,0.356699
gaps,1500.0,0.15,0.15,0.194911,0.044911,7.125171,0.030973,0.172795,0.0,0.0,0.186295,0.048998,0.34524
gaps,1516.667,0.15,0.15,0.194911,0.044911,7.125171,0.0,0.133733,0.0,0.0,0.186313,0.049033,0.333782
gaps,1533.333,0.15,0.15,0.194911,0.044911,7.125171,0.0,0.09467,0.0,0.0,0.185688,0.047831,0.322324
gaps,1550.0,0.162555,0.15,0.194911,0.044911,7.125171,0.0625,0.167587,0.09375,0.120762,0.185497,0.046059,0.314669
gaps,1566.667,0.002144,0.15,0.194911,0.044911,7.125171,0.03125,0.128525,0.065104,1.0,0.168266,0.044491,0.303211
gaps,1583.333,0.002281,0.15,0.194911,0.044911,7.125171,0.0,0.089462,0.036458,0.001317,0.167983,0.04382,0.291753
gaps,1600.0,0.002339,0.15,0.194911,0.044911,7.125171,0.0,0.0504,0.007812,0.000556,0.168352,0.044475,0.280294
gaps,1616.667,0.002308,0.15,0.194911,0.044911,7.125171,0.0,0.011337,0.0,0.000297,0.169398,0.046516,0.268836
gaps,1633.333,0.002194,0.15,0.194911,0.044911,7.125171,0.0,0.0,0.0,0.001101,0.170954,0.049614,0.257378
gaps,1650.0,0.002014,0.15,0.194911,0.044911,7.125171,0.0,0.0,0.0,0.001724,0.172692,0.05313,0.245919
gaps,1666.667,0.0018,0.15,0.1948,0.0448,7.142811,0.0,0.0,0.0,0.002068,0.174211,0.056268,0.234461
gaps,1683.333,0.0018,0.15,0.1948,0.0448,7.142811,0.0,0.0,0.0,0.0,0.175252,0.05827,0.223003
gaps,1700.0,0.0018,0.15,0.1948,0.0448,7.142811,0.0,0.0,0.0,0.0,0.175425,0.058602,0.211544
gaps,1716.667,0.0018,0.15,0.1948,0.0448,7.142811,0.0,0.0,0.0,0.0,0.174634,0.057081,0.200086
gaps,1733.333,0.15,0.15,0.1948,0.0448,7.142811,0.0,0.020625,0.09375,1.0,0.188857,0.053925,0.225086
gaps,1750.0,0.15,0.15,0.1948,0.0448,7.142811,0.0,0.014323,0.065104,0.0,0.186658,0.049696,0.23623
gaps,1766.667,0.15,0.15,0.1948,0.0448,7.142811,0.0,0.008021,0.036458,0.0,0.184305,0.045172,0.225696
gaps,1783.333,0.15,0.15,0.1948,0.0448,7.142811,0.0,0.001719,0.007812,0.0,0.182216,0.041155,0.215426
gaps,1800.0,0.15564,0.15,0.1948,0.0448,7.142811,0.040285,0.074635,0.080571,0.054385,0.181057,0.038287,0.240426
gaps,1816.667,0.172907,0.15,0.1948,0.0448,7.142811,0.102785,0.147552,0.174321,0.166501,0.181314,0.036896,0.265426
gaps,1833.333,0.186406,0.15,0.1948,0.0448,7.142811,0.165285,0.220469,0.19284,0.130167,0.182063,0.036928,0.290426
gaps,1850.0,0.193916,0.15,0.1948,0.0448,7.142811,0.227785,0.293385,0.164194,0.072422,0.182997,0.037963,0.315426
gaps,1866.667,0.194203,0.15,0.1948,0.0448,7.142811,0.290285,0.366302,0.135549,0.002764,0.183722,0.039329,0.340426
gaps,1883.333,0.187219,0.15,0.1948,0.0448,7.142811,0.265846,0.439219,0.106903,0.067348,0.183845,0.040272,0.365426
gaps,1900.0,0.174112,0.15,0.1948,0.0448,7.142811,0.234596,0.402293,0.078257,0.126383,0.18307,0.040146,0.390426
gaps,1916.667,0.15704,0.15,0.1948,0.0448,7.142811,0.203346,0.36323,0.049611,0.164628,0.181289,0.038577,0.396045
gaps,1933.333,0.15,0.15,0.1948,0.0448,7.142811,0.172096,0.324168,0.020965,0.067881,0.179307,0.03556,0.384586
gaps,1950.0,0.15,0.15,0.1948,0.0448,7.142811,0.140846,0.285105,0.0,0.0,0.177178,0.031466,0.373128
gaps,1966.667,0.15,0.15,0.1948,0.0448,7.142811,0.109596,0.246043,0.0,0.0,0.174833,0.026956,0.36167
gaps,1983.333,0.15,0.15,0.1948,0.0448,7.142811,0.078346,0.20698,0.0,0.0,0.172687,0.02283,0.350211
gaps,2000.0,0.15,0.15,0.1948,0.0448,7.142811,0.047096,0.167918,0.0,0.0,0.17113,0.019836,0.338753
gaps,2016.667,0.15,0.15,0.1948,0.0448,7.142811,0.015846,0.128855,0.0,0.0,0.170432,0.018493,0.327295
gaps,2033.333,0.15,0.15,0.1948,0.0448,7.142811,0.0,0.089793,0.0,0.0,0.170681,0.018972,0.315836
gaps,2050.0,0.15,0.15,0.1948,0.0448,7.142811,0.0,0.05073,0.0,0.0,0.171764,0.021055,0.304378
gaps,2066.667,0.166566,0.15,0.1948,0.0448,7.142811,0.0625,0.123647,0.09375,0.159739,0.174353,0.024192,0.29292
gaps,2083.333,0.18182,0.15,0.1948,0.0448,7.142811,0.125,0.196564,0.1875,0.147093,0.176983,0.027631,0.31792
gaps,2100.0,0.19184,0.15,0.1948,0.0448,7.142811,0.1875,0.26948,0.158854,0.096622,0.179061,0.030602,0.34292
gaps,2116.667,0.194978,0.15,0.194978,0.044978,7.114622,0.25,0.342397,0.130208,0.030138,0.18021,0.032495,0.36792
gaps,2133.333,0.190717,0.15,0.194978,0.044978,7.114622,0.289688,0.415314,0.101562,0.040922,0.180254,0.033011,0.39292
gaps,2150.0,0.179759,0.15,0.194978,0.044978,7.114622,0.258438,0.466674,0.072917,0.10525,0.179257,0.032218,0.41792
gaps,2166.667,0.163906,0.15,0.194978,0.044978,7.114622,0.227188,0.427612,0.044271,0.152267,0.177505,0.030542,0.422675
gaps,2183.333,0.15,0.15,0.194978,0.044978,7.114622,0.195938,0.388549,0.015625,0.133561,0.175713,0.028649,0.411217
